company,name,dept_title,publish_date,article_url,status
ビジネスエンジニアリング本部 Bridge Leader,野田 祐介,,2022-09-22,https://www.onecareer.jp/articles/1044,OK
ビジネスエンジニアリング本部 Bridge Leader,中山 喜則,,2022-09-22,https://www.onecareer.jp/articles/1044,OK
ビジネスエンジニアリング本部,榛澤 理沙,2011年入社,2022-09-22,https://www.onecareer.jp/articles/1044,OK
,,,2017-10-06,https://www.onecareer.jp/articles/1046,登場人物情報なし
,,,2022-09-16,https://www.onecareer.jp/articles/1032,登場人物情報なし
日系大手、外資大手を経験し、現在、株式会社ワンキャリアの執行役員　兼　産業アナリスト。,北野唯我,この記事が気に入ったら,2017-10-05,https://www.onecareer.jp/articles/1042,OK
,,,2020-04-20,https://www.onecareer.jp/articles/1015,登場人物情報なし
,,,2018-02-01,https://www.onecareer.jp/articles/1185,登場人物情報なし
,,,2017-10-23,https://www.onecareer.jp/articles/1090,登場人物情報なし
,,,2018-02-09,https://www.onecareer.jp/articles/1186,登場人物情報なし
三井物産　人事総務部　人材開発室　室長,古川 智章,1991年入社,2018-02-15,https://www.onecareer.jp/articles/1188,OK
ビジネスエンジニアリング本部,竹下 孝二郎,2014年入社,2022-10-28,https://www.onecareer.jp/articles/1078,OK
統合・推進本部 Bridging Leader,森宗 佳己,2006年入社,2022-10-28,https://www.onecareer.jp/articles/1078,OK
統合・推進本部,武井 壮太郎,2019年新卒入社,2022-10-28,https://www.onecareer.jp/articles/1078,OK
3分対策】ES・webテ・GDなど各選考ステップを詳しく解説！,【PwCコンサルティング,こんにちは、ワンキャリ編集部です,2022-10-28,https://www.onecareer.jp/articles/1078,OK
,,,2018-02-02,https://www.onecareer.jp/articles/1204,登場人物情報なし
3分対策/インターン】集団面接やGDなど各選考ステップの詳細や評価ポイントを詳しく解説！,【野村総合研究所/NRI,こんにちは、ワンキャリ編集部です,2018-02-14,https://www.onecareer.jp/articles/1205,OK
丸紅株式会社　人事部　採用・人材開発課　課長。,松尾　麻記子,,2018-02-08,https://www.onecareer.jp/articles/1206,OK
,,,2018-02-26,https://www.onecareer.jp/articles/1266,登場人物情報なし
三菱商事　人事部　採用チームマネージャー。,古閑 孝典,理工学部卒、2008年三菱商事入社,2018-02-16,https://www.onecareer.jp/articles/1227,OK
三菱商事　自動車事業本部。,星野 環,言語文化学部卒、,2018-02-16,https://www.onecareer.jp/articles/1227,OK
三菱商事　石油化学品本部。,井上 達也,農学生命科学研究科卒、,2018-02-16,https://www.onecareer.jp/articles/1227,OK
,,,2018-02-28,https://www.onecareer.jp/articles/1267,登場人物情報なし
,,,2019-12-02,https://www.onecareer.jp/articles/1271,登場人物情報なし
前編,菅本裕子氏,／,2018-06-27,https://www.onecareer.jp/articles/1360,OK
株式会社ワンキャリア 取締役CSO／作家,北野 唯我,新卒で博報堂の経営企画局・経理財務局勤務,2018-06-27,https://www.onecareer.jp/articles/1360,OK
,,,2018-05-10,https://www.onecareer.jp/articles/1368,登場人物情報なし
,,,2018-05-09,https://www.onecareer.jp/articles/1369,登場人物情報なし
里見さん,アセット・マネジメント,管理部（以下GO）：片山さん,2018-05-07,https://www.onecareer.jp/articles/1391,OK
片山さん,管理部,株式本部（以下MKT）：花岡さん,2018-05-07,https://www.onecareer.jp/articles/1391,OK
花岡さん,株式本部,投資銀行本部（以下IBD）：稲井さん,2018-05-07,https://www.onecareer.jp/articles/1391,OK
稲井さん,投資銀行本部,ウェルス・マネジマント本部（以下WM）：木住野（きしの）さん,2018-05-07,https://www.onecareer.jp/articles/1391,OK
シティグループ 資本市場 市場営業本部 金利商品営業部 ヴァイスプレジデント,近藤 真帆,東京大学教養学部国際関係論コース卒業,2018-05-10,https://www.onecareer.jp/articles/1392,OK
シティグループ 資本市場 金利商品本部 金利商品営業部 アナリスト,元宗 美郷,京都大学工学研究科修士課程卒業,2018-05-10,https://www.onecareer.jp/articles/1392,OK
シティグループ 投資銀行部門 アソシエイト,河野 泰子,University of California San Diego修士課程卒業,2018-05-10,https://www.onecareer.jp/articles/1392,OK
,,,2018-05-11,https://www.onecareer.jp/articles/1370,登場人物情報なし
コーポレイトディレクション（CDI） マネージャー,佐藤　沙弥,京都大学経済学部卒業後、コーポレイトディレクション（CDI）に入社,2018-06-08,https://www.onecareer.jp/articles/1484,OK
前編,菅本裕子氏,／,2018-06-20,https://www.onecareer.jp/articles/1481,OK
株式会社ワンキャリア 取締役CSO／作家,北野 唯我,新卒で博報堂の経営企画局・経理財務局勤務,2018-06-20,https://www.onecareer.jp/articles/1481,OK
ダイワボウ情報システム 情報戦略部 部長,谷水 茂樹,1997年ダイワボウ情報システムに新卒入社,2022-05-31,https://www.onecareer.jp/articles/1511,OK
ディーアイエスサービス＆ソリューション株式会社 テクニカル本部 テクニカル部 クラウドテクノロジーグループ所属,矢本 理佳,2019年新卒入社,2022-05-31,https://www.onecareer.jp/articles/1511,OK
ディーアイエスサービス＆ソリューション株式会社 テクニカル本部 テクニカル部 クラウドテクノロジーグループ所属。,服部 真依,2020年新卒入社,2022-05-31,https://www.onecareer.jp/articles/1511,OK
ネクストビート　執行役員 CHRO／CHO,澄川 恵美子,東京大学大学院医学系研究科卒,2018-07-27,https://www.onecareer.jp/articles/1523,OK
ネクストビート　執行役員 CMO,里吉 孝太,2007年4月、株式会社セプテーニに入社,2018-07-27,https://www.onecareer.jp/articles/1523,OK
ネクストビート　執行役員 CSO,石毛 陽子,,2018-07-27,https://www.onecareer.jp/articles/1523,OK
,,,2018-09-25,https://www.onecareer.jp/articles/1532,登場人物情報なし
人財戦略室人事部,鴨田 純一郎,1998年入社,2018-09-13,https://www.onecareer.jp/articles/1540,OK
オペレーションマネジメントセンター オペレーションマネジメント部,岩崎 倫敦,1998年入社,2018-09-13,https://www.onecareer.jp/articles/1540,OK
人財戦略室 ANA人財大学,田辺 剛,1998年入社,2018-09-13,https://www.onecareer.jp/articles/1540,OK
株式会社マイクロアド代表取締役社長,渡辺健太郎,1999年、創業間もない株式会社サイバーエージェントに中途入社,2018-10-19,https://www.onecareer.jp/articles/1541,OK
UTグループ株式会社 上席執行役員,桑原 壽己,,2018-10-29,https://www.onecareer.jp/articles/1543,OK
前編,菅本裕子氏,／,2018-10-24,https://www.onecareer.jp/articles/1583,OK
株式会社ワンキャリア 取締役CSO／作家,北野 唯我,新卒で博報堂の経営企画局・経理財務局勤務,2018-10-24,https://www.onecareer.jp/articles/1583,OK
株式会社アカツキ　共同創業者　取締役　COO,香田哲朗,筑波大学卒業後、 新卒でアクセンチュアに入社,2018-11-15,https://www.onecareer.jp/articles/1639,OK
コンサルタント,平賀 仁菜,,2018-11-05,https://www.onecareer.jp/articles/1640,OK
シニアマネジャー,千田 尚子,外資系製造業、外資系ベンダー2社を経てKPMGコンサルティングに入社,2018-11-05,https://www.onecareer.jp/articles/1640,OK
執行役員　開発研究所　主席研究員,榊原,,2019-02-01,https://www.onecareer.jp/articles/1642,OK
人事総務部,佐藤,米 カンザス大学　トレーニングプログラム受講,2019-02-01,https://www.onecareer.jp/articles/1642,OK
開発研究所,中村,米 ミシガン州立大学　研究所　派遣,2019-02-01,https://www.onecareer.jp/articles/1642,OK
住友商事グローバルメタルズ株式会社　取締役　コーポレート部門担当役員　兼　業務企画グループ長,秋田康弘,神戸大学経済学部卒業後、1991年に住友商事へ入社,2018-11-29,https://www.onecareer.jp/articles/1643,OK
株式会社ソースネクスト　常務執行役員,田岡　通子,2003年、新卒入社,2019-01-31,https://www.onecareer.jp/articles/1700,OK
3分対策】「働き続けたい志望動機を示せるか」が必須！内定に向けた選考対策ポイント8選：2019年卒向け,【NTTデータ,こんにちは、ワンキャリ編集部です,2019-01-31,https://www.onecareer.jp/articles/1700,OK
,,,2019-12-03,https://www.onecareer.jp/articles/1701,登場人物情報なし
,,,2020-02-04,https://www.onecareer.jp/articles/1703,登場人物情報なし
,,,2020-01-14,https://www.onecareer.jp/articles/1702,登場人物情報なし
株式会社光通信　社長室事業提携推進部　ゼネラルマネージャー,内田 丈博,早稲田大学大学院 創造理工学研究科修了、,2018-12-21,https://www.onecareer.jp/articles/1704,OK
株式会社光通信　社長室事業提携推進部,阿部 瑛,明治大学法学部卒業後、2018年に入社,2018-12-21,https://www.onecareer.jp/articles/1704,OK
,,,2016-02-15,https://www.onecareer.jp/articles/175,登場人物情報なし
,,,2019-02-14,https://www.onecareer.jp/articles/1756,登場人物情報なし
,,,2019-02-13,https://www.onecareer.jp/articles/1757,登場人物情報なし
,,,2018-12-13,https://www.onecareer.jp/articles/1707,登場人物情報なし
,,,2019-02-20,https://www.onecareer.jp/articles/1758,登場人物情報なし
,,,2019-02-21,https://www.onecareer.jp/articles/1759,登場人物情報なし
,,,2019-02-26,https://www.onecareer.jp/articles/1760,登場人物情報なし
,,,2019-05-16,https://www.onecareer.jp/articles/1761,登場人物情報なし
,,,2021-06-17,https://www.onecareer.jp/articles/1790,登場人物情報なし
CDIエグゼクティブ・コンサルタント,小川 達大,東京大学 法学部卒,2021-04-20,https://www.onecareer.jp/articles/1767,OK
CDIエグゼクティブ・コンサルタント,藤本 隆介,東京大学 農学部卒,2021-04-20,https://www.onecareer.jp/articles/1767,OK
,,,2020-03-09,https://www.onecareer.jp/articles/1801,登場人物情報なし
人事企画部　人材開発室　課長　採用チームリーダー,渡部 善哉,2001年入社,2019-03-14,https://www.onecareer.jp/articles/1803,OK
株式会社モンスター・ラボ　代表取締役社長,鮄川　宏樹,,2019-03-27,https://www.onecareer.jp/articles/1804,OK
,,,2020-02-19,https://www.onecareer.jp/articles/1808,登場人物情報なし
,,,2021-06-11,https://www.onecareer.jp/articles/1815,登場人物情報なし
,,,2019-05-10,https://www.onecareer.jp/articles/1831,登場人物情報なし
,,,2019-03-25,https://www.onecareer.jp/articles/1805,登場人物情報なし
株式会社ワンキャリア 取締役CSO／作家,北野 唯我,新卒で博報堂の経営企画局・経理財務局勤務,2019-07-09,https://www.onecareer.jp/articles/1847,OK
,,,2019-05-20,https://www.onecareer.jp/articles/1846,登場人物情報なし
CDI パートナー,占部 伸一郎,東京大学経済学部卒,2019-06-04,https://www.onecareer.jp/articles/1848,OK
,,,2019-06-17,https://www.onecareer.jp/articles/1851,登場人物情報なし
,,,2019-06-12,https://www.onecareer.jp/articles/1850,登場人物情報なし
,,,2019-06-28,https://www.onecareer.jp/articles/1855,登場人物情報なし
,,,2019-05-31,https://www.onecareer.jp/articles/1852,登場人物情報なし
株式会社ワンキャリア 取締役CSO／作家,北野 唯我,新卒で博報堂の経営企画局・経理財務局勤務,2019-05-28,https://www.onecareer.jp/articles/1873,OK
株式会社ディー・エヌ・エー　執行役員　ヒューマンリソース本部　本部長。,崔大宇,東京大学大学院（工学系研究科）卒,2019-06-04,https://www.onecareer.jp/articles/1874,OK
株式会社ワンキャリア 取締役CSO／作家,北野 唯我,新卒で博報堂の経営企画局・経理財務局勤務,2019-06-04,https://www.onecareer.jp/articles/1874,OK
株式会社レノバ　代表取締役社長　CEO,木南 陽介,京都大学在学中、メディアマックスジャパンを設立,2020-03-06,https://www.onecareer.jp/articles/1875,OK
,,,2019-06-27,https://www.onecareer.jp/articles/1876,登場人物情報なし
,,,2021-07-09,https://www.onecareer.jp/articles/1879,登場人物情報なし
,,,2020-07-22,https://www.onecareer.jp/articles/1880,登場人物情報なし
株式会社ワンキャリア 取締役CSO／作家,北野 唯我,新卒で博報堂の経営企画局・経理財務局勤務,2019-05-30,https://www.onecareer.jp/articles/1877,OK
,,,2020-05-18,https://www.onecareer.jp/articles/1886,登場人物情報なし
,,,2019-06-25,https://www.onecareer.jp/articles/1883,登場人物情報なし
,,,2019-06-28,https://www.onecareer.jp/articles/1897,登場人物情報なし
,,,2019-06-26,https://www.onecareer.jp/articles/1898,登場人物情報なし
,,,2019-06-27,https://www.onecareer.jp/articles/1899,登場人物情報なし
,,,2019-07-03,https://www.onecareer.jp/articles/1900,登場人物情報なし
,,,2019-07-05,https://www.onecareer.jp/articles/1912,登場人物情報なし
,,,2016-02-18,https://www.onecareer.jp/articles/192,登場人物情報なし
,,,2019-07-04,https://www.onecareer.jp/articles/1901,登場人物情報なし
,,,2023-06-23,https://www.onecareer.jp/articles/1918,登場人物情報なし
戦略コンサルティング本部 通信・メディア・ハイテク マネジング・ディレクター,廣瀬 隆治,主に通信・メディア業界を担当,2019-08-26,https://www.onecareer.jp/articles/1945,OK
戦略コンサルティング本部 テクノロジー戦略グループ日本統括 マネジング・ディレクター,村上 隆文,主に金融機関向けにIT・テクノロジー戦略を担当,2019-08-26,https://www.onecareer.jp/articles/1945,OK
戦略コンサルティング本部 人材・組織管理 マネジング・ディレクター,植野 蘭子,大学卒業後、大手自動車メーカーで人事関連の仕事に従事,2019-08-26,https://www.onecareer.jp/articles/1945,OK
3分対策】なぜ私鉄か？なぜメトロか？東京の移動インフラを支える覚悟と誠実さを示そう。本選考の対策ポイント,【東京地下鉄,こんにちは、ワンキャリ編集部です,2019-08-22,https://www.onecareer.jp/articles/1953,OK
,,,2016-02-23,https://www.onecareer.jp/articles/199,登場人物情報なし
,,,2020-05-28,https://www.onecareer.jp/articles/1996,登場人物情報なし
ＩＣＴメディア・サービス産業コンサルティング部 上級コンサルタント。,飯塚 浩介,,2020-06-02,https://www.onecareer.jp/articles/1998,OK
グローバル製造業コンサルティング部 主任コンサルタント。,小宮 昌人,,2020-06-02,https://www.onecareer.jp/articles/1998,OK
代表取締役社長兼CTO。,小椋 一宏,,2020-08-31,https://www.onecareer.jp/articles/2000,OK
一般社団法人日本音楽著作権協会 送信部 放送メディア課 課長,田端 敏紀,1999年JASRAC入社,2022-12-15,https://www.onecareer.jp/articles/2030,OK
,,,2020-12-29,https://www.onecareer.jp/articles/2023,登場人物情報なし
,,,2020-12-21,https://www.onecareer.jp/articles/2036,登場人物情報なし
,,,2021-02-03,https://www.onecareer.jp/articles/2039,登場人物情報なし
One Business Development Section／Section Manager,今泉 健,新卒で日系大手SIer（システムインテグレーター）に入社,2020-09-25,https://www.onecareer.jp/articles/2045,OK
マネージャー,藤井 秀行,2018年9月に中途入社,2021-05-11,https://www.onecareer.jp/articles/2046,OK
アソシエイト・コンサルタント,笠木 裕梨奈,東京大学 工学部卒、2019年9月に新卒入社,2021-05-11,https://www.onecareer.jp/articles/2046,OK
シニア・アソシエイト・コンサルタント,中山 詩文,慶應義塾大学法学部卒、2017年9月に新卒入社,2020-05-21,https://www.onecareer.jp/articles/2047,OK
シニア・アソシエイト・コンサルタント,阿瀬 晴菜,京都大学法学部卒、2017年9月に新卒入社,2020-05-21,https://www.onecareer.jp/articles/2047,OK
,,,2016-02-25,https://www.onecareer.jp/articles/206,登場人物情報なし
金利為替営業部,庄司 奈央,2016年4月入社,2019-10-23,https://www.onecareer.jp/articles/2072,OK
投資銀行部門,水野 量太,2018年4月入社,2019-10-23,https://www.onecareer.jp/articles/2072,OK
,,,2019-10-21,https://www.onecareer.jp/articles/2066,登場人物情報なし
,,,2020-11-20,https://www.onecareer.jp/articles/2096,登場人物情報なし
双日株式会社 人事部部長,岡田 勝紀,,2021-02-19,https://www.onecareer.jp/articles/2112,OK
,,,2019-12-24,https://www.onecareer.jp/articles/2078,登場人物情報なし
人事部 採用責任者,新山 純,2009年に国内大手システムインテグレーターへ入社,2022-05-25,https://www.onecareer.jp/articles/2117,OK
コンサルティング事業部ディレクター,石山 泰行,2009年に国内大手コンサルティングファームへ入社,2022-05-25,https://www.onecareer.jp/articles/2117,OK
,,,2020-05-14,https://www.onecareer.jp/articles/2082,登場人物情報なし
,,,2019-11-26,https://www.onecareer.jp/articles/2140,登場人物情報なし
,,,2020-01-27,https://www.onecareer.jp/articles/2170,登場人物情報なし
株式会社ワンキャリア 取締役CSO／作家,北野 唯我,新卒で博報堂の経営企画局・経理財務局勤務,2019-12-20,https://www.onecareer.jp/articles/2169,OK
,,,2020-07-20,https://www.onecareer.jp/articles/2158,登場人物情報なし
,,,2019-11-27,https://www.onecareer.jp/articles/2141,登場人物情報なし
関西オフィス共同代表パートナー,北條 元宏,大阪大学 法学部卒,2020-12-01,https://www.onecareer.jp/articles/2177,OK
アソシエイト,大森 雅仁,東京大学大学院 工学系研究科卒、2018年入社,2020-12-01,https://www.onecareer.jp/articles/2177,OK
ビジネスアナリスト,岩井 愛可,京都大学大学院 経営管理教育部 修士課程修了,2021-04-12,https://www.onecareer.jp/articles/2181,OK
パートナー,赤山 真一,東京大学大学院 工学系研究科 航空宇宙工学専攻 修士課程修了,2021-04-12,https://www.onecareer.jp/articles/2181,OK
,,,2020-01-07,https://www.onecareer.jp/articles/2189,登場人物情報なし
GA technologies 代表取締役社長 CEO。,樋口 龍,,2019-12-25,https://www.onecareer.jp/articles/2200,OK
エッグフォワード株式会社 代表取締役社長,徳谷 智史,京都大学 経済学部卒業,2022-07-01,https://www.onecareer.jp/articles/2214,OK
エッグフォワード株式会社 ディレクター 企業変革支援事業統括執行役員,田村 学,東京大学 工学部卒業後、都市銀行勤務を経て、アクセンチュアに入社,2022-07-01,https://www.onecareer.jp/articles/2214,OK
,,,2020-03-16,https://www.onecareer.jp/articles/2218,登場人物情報なし
3分対策】1万通から選ばれるESがカギ！本選考のES、Webテスト、面接の選考対策ポイント【21卒向け】,【全日本空輸,こんにちは、ワンキャリ編集部です,2020-01-29,https://www.onecareer.jp/articles/2224,OK
,,,2020-01-28,https://www.onecareer.jp/articles/2223,登場人物情報なし
ヘルスケア・サービス事業本部ヘルスケア事業部医療経営支援室所属。2019年入社。現職にて、投資管理などを担当。,津久井 理紗,──ちなみに津久井さんは、どのコースに参加されましたか？,2020-02-12,https://www.onecareer.jp/articles/2263,OK
ニトリホールディングス 代表取締役社長。,白井 俊之,1979年に宇都宮大学工学部環境化学科卒業後、株式会社ニトリに入社,2020-03-03,https://www.onecareer.jp/articles/2256,OK
株式会社ワンキャリア 取締役CSO／作家,北野 唯我,新卒で博報堂の経営企画局・経理財務局勤務,2020-03-03,https://www.onecareer.jp/articles/2256,OK
,,,2020-02-13,https://www.onecareer.jp/articles/2249,登場人物情報なし
,,,2021-05-14,https://www.onecareer.jp/articles/2266,登場人物情報なし
,,,2020-03-17,https://www.onecareer.jp/articles/2295,登場人物情報なし
,,,2021-04-07,https://www.onecareer.jp/articles/2307,登場人物情報なし
,,,2020-04-24,https://www.onecareer.jp/articles/2314,登場人物情報なし
,,,2020-03-10,https://www.onecareer.jp/articles/2265,登場人物情報なし
3分対策】なぜ私鉄か？なぜメトロか？東京の移動インフラを支える覚悟と誠実さを示そう。本選考の対策ポイント,【東京地下鉄,こんにちは、ワンキャリ編集部です,2023-05-08,https://www.onecareer.jp/articles/2319,OK
3分対策】明確な志望理由を示そう！本選考の選考対策ポイント,【東京海上日動火災保険,こんにちは、ワンキャリ編集部です,2023-05-08,https://www.onecareer.jp/articles/2319,OK
丸紅株式会社 人事部 採用・人財開発課長,松尾 麻記子,,2021-04-02,https://www.onecareer.jp/articles/2322,OK
丸紅株式会社 飲料原料部 飲料原料第一課,川合 佑美子,2009入社以降、コーヒー生豆のトレード業務に従事,2021-04-02,https://www.onecareer.jp/articles/2322,OK
,,,2021-03-04,https://www.onecareer.jp/articles/2320,登場人物情報なし
グローバル戦略本部 課長。,村上 大介,2006年に新卒入社,2025-04-25,https://www.onecareer.jp/articles/2323,OK
デジタル戦略統括本部　チーフ・デジタル・オフィサー（CDO）,峯廻 聡美,,2020-10-19,https://www.onecareer.jp/articles/2332,OK
コンシューマー プロダクツ事業本部（CPD）　デジタルマネージャー,菊池 裕貴,2014年、新卒マネジメントトレーニーとして日本ロレアルに入社,2020-10-19,https://www.onecareer.jp/articles/2332,OK
株式会社ワンキャリア 取締役CSO／作家,北野 唯我,新卒で博報堂の経営企画局・経理財務局勤務,2020-04-30,https://www.onecareer.jp/articles/2351,OK
,,,2020-12-08,https://www.onecareer.jp/articles/2386,登場人物情報なし
,,,2020-05-01,https://www.onecareer.jp/articles/2362,登場人物情報なし
,,,2020-05-22,https://www.onecareer.jp/articles/2384,登場人物情報なし
2012年、三井化学株式会社へ新卒入社。,廣瀬 公寿,,2020-10-21,https://www.onecareer.jp/articles/2387,OK
三井不動産株式会社 人事部 人材開発グループ,坪浦 諒子,2018年に新卒入社し、初期配属にて人事を務める,2021-07-19,https://www.onecareer.jp/articles/2397,OK
,,,2020-06-24,https://www.onecareer.jp/articles/2410,登場人物情報なし
,,,2020-06-19,https://www.onecareer.jp/articles/2411,登場人物情報なし
,,,2020-06-18,https://www.onecareer.jp/articles/2413,登場人物情報なし
株式会社ワンキャリア 取締役CSO／作家,北野 唯我,新卒で博報堂の経営企画局・経理財務局勤務,2020-06-29,https://www.onecareer.jp/articles/2416,OK
,,,2020-08-17,https://www.onecareer.jp/articles/2432,登場人物情報なし
,,,2020-09-08,https://www.onecareer.jp/articles/2453,登場人物情報なし
,,,2020-09-28,https://www.onecareer.jp/articles/2458,登場人物情報なし
資生堂ジャパン株式会社 DX推進部 UXUI推進グループ,井上 貴央,,2023-06-09,https://www.onecareer.jp/articles/2461,OK
,,,2020-10-09,https://www.onecareer.jp/articles/2462,登場人物情報なし
オリックス株式会社グループ人事部長。,三瀬 勝之,1995年新卒入社,2020-10-12,https://www.onecareer.jp/articles/2463,OK
人事本部 人事企画部 企画グループ。,山本 悠樹,2012年、新卒で総合電機メーカーに入社し人事部門に配属,2020-10-16,https://www.onecareer.jp/articles/2473,OK
,,,2020-11-16,https://www.onecareer.jp/articles/2481,登場人物情報なし
,,,2016-03-31,https://www.onecareer.jp/articles/249,登場人物情報なし
事業企画室 新卒採用担当,新島 優一,2008年に人材紹介会社へ新卒入社,2020-10-26,https://www.onecareer.jp/articles/2479,OK
事業企画室 新卒採用担当,須永 恵太,2014年JTに新卒入社,2020-10-26,https://www.onecareer.jp/articles/2479,OK
コーポレートイノベーションコンサルティング部（CIC）事業変革グループ コンサルタント。,粂井 華子,2017年に株式会社野村総合研究所に新卒入社,2020-11-19,https://www.onecareer.jp/articles/2493,OK
グローバル製造業コンサルティング部 ソリューションエンジニアリンググループ 主任コンサルタント。,深尾　七恵,2012年に株式会社野村総合研究所に新卒入社,2020-11-19,https://www.onecareer.jp/articles/2493,OK
事業企画室 新卒採用担当。2014年JTに新卒入社。東北支社で営業を担当し、2019年より現職。趣味は競馬とフットサル。,須永 恵太,──会社のイメージが変わるほどのESですか,2020-11-25,https://www.onecareer.jp/articles/2494,OK
,,,2016-04-01,https://www.onecareer.jp/articles/250,登場人物情報なし
,,,2021-07-21,https://www.onecareer.jp/articles/2498,登場人物情報なし
情報コミュニケーション事業本部 マーケティング事業部 コミュニケーションデザイン本部長兼エンゲージメントサービス本部長。,梅川 健児,1992年入社,2020-12-02,https://www.onecareer.jp/articles/2503,OK
株式会社BANDAI SPIRITS　コレクターズ事業部　欧米マーケティングチーム　アシスタントマネージャー,亀井 俊治,2009年株式会社バンダイに入社,2021-10-13,https://www.onecareer.jp/articles/2505,OK
オリックス不動産株式会社 投資開発事業本部,藤川 了輔,2013年、オリックス株式会社新卒入社,2020-12-15,https://www.onecareer.jp/articles/2504,OK
オリックス株式会社 事業投資本部,平岡 亮太朗,2014年新卒入社,2020-12-15,https://www.onecareer.jp/articles/2504,OK
,,,2016-04-02,https://www.onecareer.jp/articles/251,登場人物情報なし
3分対策/インターン】集団面接やGDなど各選考ステップの詳細や評価ポイントを詳しく解説！,【野村総合研究所/NRI,こんにちは、ワンキャリ編集部です,2016-04-03,https://www.onecareer.jp/articles/252,OK
イー・ギャランティ代表取締役社長。,江藤 公則,1998年、伊藤忠商事に新卒入社,2023-02-22,https://www.onecareer.jp/articles/2519,OK
オムニエクスペリエンス推進部 テクノロジーコンテンツグループ,増田 卓矢,2008年、楽天に新卒入社,2021-04-27,https://www.onecareer.jp/articles/2526,OK
オムニエクスペリエンス推進部 CRM運営グループ,宇井 ありさ,システム情報工学研究科卒業,2021-04-27,https://www.onecareer.jp/articles/2526,OK
デロイト トーマツ コンサルティング合同会社 C&MTユニット マネジャー,矢島 達也,,2020-12-24,https://www.onecareer.jp/articles/2521,OK
,,,2016-04-04,https://www.onecareer.jp/articles/253,登場人物情報なし
,,,2016-04-05,https://www.onecareer.jp/articles/254,登場人物情報なし
,,,2021-01-19,https://www.onecareer.jp/articles/2540,登場人物情報なし
,,,2021-03-05,https://www.onecareer.jp/articles/2552,登場人物情報なし
,,,2016-04-06,https://www.onecareer.jp/articles/255,登場人物情報なし
,,,2021-02-12,https://www.onecareer.jp/articles/2553,登場人物情報なし
,,,2016-04-07,https://www.onecareer.jp/articles/256,登場人物情報なし
Customer Success Div. IS1 Dept. Grp Mgr(2020年12月末時点),小原 佳人,,2021-03-15,https://www.onecareer.jp/articles/2571,OK
Customer Success Div. IS1 Dept. Dept Mgr(2020年12月末時点),赤津 克明,,2021-03-15,https://www.onecareer.jp/articles/2571,OK
,,,2021-03-16,https://www.onecareer.jp/articles/2583,登場人物情報なし
人事部 採用グループ,大沢 真穂,2009年新卒入行,2021-05-24,https://www.onecareer.jp/articles/2606,OK
人事部 採用グループ,難波 拓馬,2015年新卒入行,2021-05-24,https://www.onecareer.jp/articles/2606,OK
レバレジーズ株式会社 執行役員,藤本 直也,1991年生まれ,2022-03-07,https://www.onecareer.jp/articles/2605,OK
レバレジーズ株式会社 メディア企画部オウンドメディアグループ責任者,野村 亮太,一橋大学大学院卒、2017年新卒入社,2022-03-07,https://www.onecareer.jp/articles/2605,OK
,,,2021-04-26,https://www.onecareer.jp/articles/2617,登場人物情報なし
コンサルタント,長谷川 まゆり,,2021-05-20,https://www.onecareer.jp/articles/2623,OK
営業,川﨑 玲奈,,2021-05-20,https://www.onecareer.jp/articles/2623,OK
,,,2021-05-31,https://www.onecareer.jp/articles/2629,登場人物情報なし
A.T. カーニー代表取締役 マネージングディレクター ジャパン（日本代表）／シニア パートナー,関灘 茂,神戸大学 経営学部卒業,2021-06-10,https://www.onecareer.jp/articles/2630,OK
グラフィックレコーダー,松田 海,ゼミ5期生,2021-06-07,https://www.onecareer.jp/articles/2631,OK
東京工業大学 環境・社会理工学院 助教,友部 遼,ゼミ2期生,2021-06-07,https://www.onecareer.jp/articles/2631,OK
JT人事部,佐藤 邦彦,2006年JT入社,2021-06-07,https://www.onecareer.jp/articles/2631,OK
JT人事部,山岡 彩香,2005年JT入社,2021-06-07,https://www.onecareer.jp/articles/2631,OK
,,,2021-06-29,https://www.onecareer.jp/articles/2646,登場人物情報なし
広報本部 宣伝部長,佐藤 圭一,,2021-07-15,https://www.onecareer.jp/articles/2650,OK
広報本部 宣伝部 主任,行德 茜,,2021-07-15,https://www.onecareer.jp/articles/2650,OK
広報本部 宣伝部 主任,渡邊 慎悟,2007年凸版印刷株式会社入社,2021-07-15,https://www.onecareer.jp/articles/2650,OK
マーケティング本部 執行役員,二ノ宮 悠大朗,東京大学工学部卒,2021-07-07,https://www.onecareer.jp/articles/2651,OK
コンサルタント,上西 智,東京大学大学院 工学系研究科を修了後、2018年に新卒入社,2021-07-12,https://www.onecareer.jp/articles/2654,OK
ビジネスアナリスト,真野 晴香,,2021-07-12,https://www.onecareer.jp/articles/2654,OK
パートナー,花村 遼,東京大学大学院 工学系研究科を修了後、ADLに新卒入社,2021-07-12,https://www.onecareer.jp/articles/2654,OK
株式会社クラウドワークス 取締役 経営企画室長,田中 優子,東京大学法学部卒業,2021-07-27,https://www.onecareer.jp/articles/2664,OK
A.T. カーニー代表取締役 マネージングディレクター ジャパン（日本代表）／シニア パートナー,関灘 茂,神戸大学 経営学部卒業,2021-07-27,https://www.onecareer.jp/articles/2664,OK
,,,2021-07-16,https://www.onecareer.jp/articles/2658,登場人物情報なし
品質保証グループ お客様満足推進部長,篠原 瑞恵,1991年JT入社,2021-07-30,https://www.onecareer.jp/articles/2666,OK
株式会社資生堂 プレミアムブランド事業本部 副本部⻑、第4事業部事業部⻑,柳内 清隆,1999年にP&G入社,2023-06-07,https://www.onecareer.jp/articles/2678,OK
株式会社資生堂 プレミアムブランド事業本部 第4事業部,白石 直嗣,2012年に新卒で資生堂に入社,2023-06-07,https://www.onecareer.jp/articles/2678,OK
経営企画（M&A担当）,水谷 圭佑,上智大学経済学部卒,2023-03-30,https://www.onecareer.jp/articles/2690,OK
コーポレートディベロップメント,影澤 司,法政大学経営学部卒後、三菱UFJ銀行へ入行,2023-03-30,https://www.onecareer.jp/articles/2690,OK
執行役員・プロダクト責任者,篠塚 大樹,慶應義塾大学総合政策学部卒業後、2017年4月に株式会社ギフティに入社,2023-03-30,https://www.onecareer.jp/articles/2690,OK
,,,2021-10-19,https://www.onecareer.jp/articles/2703,登場人物情報なし
クライアント・システム開発事業部 営業部執行役員,西川 光雄,1995年に岡山大学大学院を卒業後、新卒で工作機械メーカーに入社,2021-09-30,https://www.onecareer.jp/articles/2693,OK
NTTコミュニケーションズ株式会社 ビジネスソリューション本部 事業推進部 担当課長,野呂田 学,1996年にNTT入社,2021-09-02,https://www.onecareer.jp/articles/2692,OK
NTTコミュニケーションズ株式会社 ビジネスソリューション本部 第四ビジネスソリューション部,金子 兼汰,2015年、NTTコムソリューションズ出向,2021-09-02,https://www.onecareer.jp/articles/2692,OK
3分対策】1万通から選ばれるESがカギ！本選考のES、Webテスト、面接の選考対策ポイント【21卒向け】,【全日本空輸,こんにちは、ワンキャリ編集部です,2021-09-02,https://www.onecareer.jp/articles/2692,OK
3分対策】「自分らしさ」と「たばこに対する見解」をハッキリ伝えよう！本選考のポイント,【JT,こんにちは、ワンキャリ編集部です,2021-09-02,https://www.onecareer.jp/articles/2692,OK
三菱地所株式会社 コマーシャル不動産戦略企画部 主事,鈴木 将敬,2010年入社,2021-09-28,https://www.onecareer.jp/articles/2705,OK
,,,2021-10-05,https://www.onecareer.jp/articles/2710,登場人物情報なし
,,,2021-10-11,https://www.onecareer.jp/articles/2723,登場人物情報なし
ビジネスイノベーション・DX戦略室担当部長,日高 剛史,2000年に三菱電機に新卒で入社,2021-11-16,https://www.onecareer.jp/articles/2737,OK
Ridgelinez株式会社 代表取締役 CEO,今井 俊哉,新卒で富士通に入社,2021-11-18,https://www.onecareer.jp/articles/2738,OK
Ridgelinez株式会社 Consultant,宇田川 千穂,,2021-11-18,https://www.onecareer.jp/articles/2738,OK
Ridgelinez株式会社 Associate,松永 慶太,新卒で大手損害保険会社へ入社,2021-11-18,https://www.onecareer.jp/articles/2738,OK
住友商事 グローバル人材マネジメント部 グローバル人材マネジメントチーム長,永井 恵子,住友商事に新卒入社後、一貫して人事畑を歩む,2021-11-17,https://www.onecareer.jp/articles/2739,OK
ICTソリューション事業部開発部開発課,加藤 貴弘,東京大学大学院 理学研究科を修了後、2017年4月にＳｋｙに入社,2022-01-21,https://www.onecareer.jp/articles/2741,OK
,,,2021-12-08,https://www.onecareer.jp/articles/2746,登場人物情報なし
取締役グループ副社長執行役員・COO,西山 裕之,グループ代表補佐,2022-05-20,https://www.onecareer.jp/articles/2754,OK
GMOインターネット株式会社 人事総務部 兼 グループ人事部 マネージャ,谷下田 まどか,新卒でメーカーに入社,2022-05-20,https://www.onecareer.jp/articles/2754,OK
GMOペイメントゲートウェイ株式会社 執行役員・人事部長,稲山 享伸,大学卒業後、外資SIerでITエンジニアからキャリアをスタート,2022-05-20,https://www.onecareer.jp/articles/2754,OK
GMOペパボ株式会社 HR統括部 副部長,船橋 恵,2009年GMOペパボ入社,2022-05-20,https://www.onecareer.jp/articles/2754,OK
株式会社ノースサンド 代表取締役,前田 知紘,大学卒業後、システムエンジニアとしてキャリアをスタート,2022-11-01,https://www.onecareer.jp/articles/2763,OK
,,,2022-03-11,https://www.onecareer.jp/articles/2751,登場人物情報なし
,,,2022-02-14,https://www.onecareer.jp/articles/2764,登場人物情報なし
産業インフラグループ・インフラソリューション部,加藤 光軌,2014年入社,2022-06-30,https://www.onecareer.jp/articles/2767,OK
産業インフラグループ・インフラソリューション部,立石 隆章,2004年入社,2022-06-30,https://www.onecareer.jp/articles/2767,OK
,,,2022-02-10,https://www.onecareer.jp/articles/2766,登場人物情報なし
NRIセキュアテクノロジーズ DXセキュリティ事業本部長,観堂 剛太郎,,2022-02-09,https://www.onecareer.jp/articles/2769,OK
DXセキュリティ事業本部 DevSecOps事業部 情報セキュリティスペシャリスト,浅井 麻友子,2018年に新卒で入社,2022-02-09,https://www.onecareer.jp/articles/2769,OK
戦略コンサルティングチーム シニア・マネージャー,徳田 浩明,2011年外資系総合コンサルティングファーム入社,2023-03-06,https://www.onecareer.jp/articles/2782,OK
SCM＆ロジスティクスチーム シニア・マネージャー,小池 明弘,2002年キューブシステム入社,2023-03-06,https://www.onecareer.jp/articles/2782,OK
三井物産株式会社 人事総務部 採用企画室 室長,田渕 順司,,2022-03-03,https://www.onecareer.jp/articles/2783,OK
名古屋本店エレクトロニクス部長,塚田 祐史,1993年に岡谷鋼機に入社,2022-06-17,https://www.onecareer.jp/articles/2797,OK
東京本店メカトロ部メカトロ室,大藤 加奈子,2005年に岡谷鋼機に入社,2022-06-17,https://www.onecareer.jp/articles/2797,OK
コンサルティング事業部 アカウントマネージャー,深尾 友稀,2020年4月に株式会社ノースサンド新卒として初めて営業職として入社,2022-12-05,https://www.onecareer.jp/articles/2784,OK
執行役員 コンサルティング事業担当,加藤 博己,2009年に国内大手コンサルティングファームへ入社,2022-12-05,https://www.onecareer.jp/articles/2784,OK
EY Japan チェアパーソン 兼 CEO　ジャパン・リージョナル・マネージング・パートナー,貴田 守亮,カリフォルニア大学音楽部卒、カリフォルニア州立大学サンフランシスコ校修了,2022-04-06,https://www.onecareer.jp/articles/2800,OK
3分対策】webテスト・面接など各選考ステップの詳細や評価ポイントを詳しく解説！,【ゴールドマン・サックス,こんにちは、ワンキャリ編集部です,2022-04-15,https://www.onecareer.jp/articles/2802,OK
EY新日本有限責任監査法人 第4監査事業部 マネージャー,伊藤 美沙子,,2022-04-19,https://www.onecareer.jp/articles/2803,OK
EY新日本有限責任監査法人 FAAS事業部 気候変動・サステナビリティ・サービス（CCaSS）マネージャー,木内 志香,,2022-04-19,https://www.onecareer.jp/articles/2803,OK
EYストラテジー・アンド・コンサルティング エネルギーセクター パートナー,日向野 奈津子,,2022-04-13,https://www.onecareer.jp/articles/2804,OK
EYストラテジー・アンド・コンサルティング ストラテジック インパクト ディレクター,平林 知高,政府系金融機関、外資系コンサルティングファームを経てEYに従事,2022-04-13,https://www.onecareer.jp/articles/2804,OK
,,,2022-04-25,https://www.onecareer.jp/articles/2807,登場人物情報なし
イー・ギャランティ 執行役員,黒谷 泰伸,同志社大学 法学部卒,2022-04-26,https://www.onecareer.jp/articles/2811,OK
,,,2022-06-10,https://www.onecareer.jp/articles/2819,登場人物情報なし
Bussines Planning Div. Marketing Dept. Dept Manager,松本 耕喜,千葉大学物理学部卒,2022-04-28,https://www.onecareer.jp/articles/2814,OK
株式会社ナレッジワーク CEO,麻野 耕司,2003年、新卒でリンクアンドモチベーションに入社,2022-05-31,https://www.onecareer.jp/articles/2820,OK
株式会社マネーフォワード 取締役執行役員 マネーフォワードビジネスカンパニーCOO,竹田 正信,2001年インターネット広告代理店にて企画営業職に従事,2022-05-31,https://www.onecareer.jp/articles/2820,OK
株式会社グッドパッチ 代表取締役社長 CEO,土屋 尚史,2011年9月に株式会社グッドパッチを設立,2022-05-31,https://www.onecareer.jp/articles/2820,OK
サステナビリティ企画部 企画グループ 部長代理,髙井 暖司,大学卒業後、日系証券会社を経て2013年にコンサルティングファームへ入社,2022-06-07,https://www.onecareer.jp/articles/2822,OK
Human Resources＆General Affairs Div.人事Dept. Dept.Manager,笠間 久智,慶應義塾大学経済学部卒,2022-06-29,https://www.onecareer.jp/articles/2830,OK
Customer Success Consultant Div.,樋口 波瑠香,立命館大学卒,2022-06-29,https://www.onecareer.jp/articles/2830,OK
エネルギープラクティス パートナー,大島 翼,東京大学 農学部卒、2011年新卒入社,2022-06-21,https://www.onecareer.jp/articles/2829,OK
株式会社グッドパッチ 代表取締役社長 CEO,土屋 尚史,2011年9月に株式会社グッドパッチを設立,2022-07-13,https://www.onecareer.jp/articles/2831,OK
資生堂 プレミアムブランドマーケティング事業本部 マーケティング本部 本部長,川上 樹理,2001年、新卒でP&G Japanに入社,2023-06-02,https://www.onecareer.jp/articles/2826,OK
資生堂 プレミアムブランドマーケティング事業本部 スキンケアマーケティング部,梶田 直希,2021年に資生堂に新卒入社,2023-06-02,https://www.onecareer.jp/articles/2826,OK
LayerX CEO,福島 良典,東京大学大学院 工学系研究科卒,2022-08-08,https://www.onecareer.jp/articles/2832,OK
LayerX HR,一ノ宮 翔,2017年、早稲田大学 スポーツ科学部卒業,2022-08-08,https://www.onecareer.jp/articles/2832,OK
セーフィー 代表取締役社長CEO,佐渡島 隆平,1999年、大学在学中にDaigakunote.comを創業,2022-06-28,https://www.onecareer.jp/articles/2833,OK
ダイキン工業 テクノロジー・イノベーションセンター／,石原 隆広,株式会社point0 代表取締役 社長,2022-07-07,https://www.onecareer.jp/articles/2839,OK
,,,2022-08-04,https://www.onecareer.jp/articles/2852,登場人物情報なし
プロジェクトリーダー,藤崎 彩香,東京大学 経済学部を卒業後、2017年にBCGへ入社,2023-03-22,https://www.onecareer.jp/articles/2848,OK
アコム人事部 人材採用室 室長,松浦 博之,1997年、アコム株式会社入社,2022-08-24,https://www.onecareer.jp/articles/2861,OK
EYストラテジー・アンド・コンサルティング株式会社　ストラテジーリーダー・パートナー,篠原 学,,2022-08-29,https://www.onecareer.jp/articles/2862,OK
EYストラテジー・アンド・コンサルティング株式会社,坂田 好正,,2022-08-29,https://www.onecareer.jp/articles/2862,OK
PwCアドバイザリー合同会社 パートナー,赤間 穏子,上智大学卒業後、外資系コンサルティングファームに所属,2022-08-30,https://www.onecareer.jp/articles/2863,OK
PwCアドバイザリー合同会社 マネージャー,榁本 剛仁,,2022-08-30,https://www.onecareer.jp/articles/2863,OK
,,,2022-10-26,https://www.onecareer.jp/articles/2867,登場人物情報なし
,,,2022-12-22,https://www.onecareer.jp/articles/2869,登場人物情報なし
日本ロレアル株式会社「メイベリン ニューヨーク」ブランド ディレクター,市川 竜太,2008年、新卒入社で日本ロレアル株式会社入社,2023-04-05,https://www.onecareer.jp/articles/2873,OK
,,,2022-09-30,https://www.onecareer.jp/articles/2876,登場人物情報なし
事業DXコンサルティング部　デジタルストラテジーグループ　シニアコンサルタント,豊田 英正,2016年新卒入社,2022-09-27,https://www.onecareer.jp/articles/2874,OK
事業DXコンサルティング部 アダプティブ事業開発グループ グループマネージャー,紺谷 亮太,2010年新卒入社,2022-09-27,https://www.onecareer.jp/articles/2874,OK
経営DXコンサルティング部 サステナビリティ・イノベーショングループ グループマネージャー,徳重 剛,1999年大手都市銀行入行,2022-09-27,https://www.onecareer.jp/articles/2874,OK
マイクロアド 代表取締役社長,渡辺 健太郎,1999年、創業間もないサイバーエージェントに中途入社,2022-09-29,https://www.onecareer.jp/articles/2875,OK
JPX（日本取引所グループ）　IT開発部トレーディングシステム,中尾 健太,新卒でJPXに入社,2023-05-10,https://www.onecareer.jp/articles/2881,OK
,,,2022-10-11,https://www.onecareer.jp/articles/2877,登場人物情報なし
国際協力銀行（JBIC） 調査役,冨山 聖,2014年入行,2022-11-14,https://www.onecareer.jp/articles/2890,OK
有限責任監査法人トーマツ 包括代表代行 兼 デロイト トーマツ グループ リスクアドバイザリー ビジネスリーダー,岩村 篤,2000年 監査法人トーマツ（現 有限責任監査法人トーマツ）入社,2024-05-14,https://www.onecareer.jp/articles/2892,OK
カバー 代表取締役社長CEO,谷郷 元昭,慶應義塾大学理工学部を卒業後、イマジニアでゲームソフトのプロデュースを担当,2022-12-09,https://www.onecareer.jp/articles/2898,OK
,,,2022-11-29,https://www.onecareer.jp/articles/2894,登場人物情報なし
トヨタ自動車 取締役・執行役員 副社長,前田 昌彦,1994年入社,2022-12-12,https://www.onecareer.jp/articles/2897,OK
株式会社ワンキャリア 取締役CSO／作家,北野 唯我,新卒で「博報堂／博報堂DYメディアパートナーズ」の経営企画局・経理財務局勤務,2022-12-12,https://www.onecareer.jp/articles/2897,OK
電通デジタル コマース部門 部門長,永山 悟,,2022-12-19,https://www.onecareer.jp/articles/2900,OK
凸版印刷 デジタルマーケティングセンター センター長,梅川 健児,1992年凸版印刷入社,2022-12-19,https://www.onecareer.jp/articles/2900,OK
シニアマネージャー,平川 鉄也,2021年中途入社,2022-12-26,https://www.onecareer.jp/articles/2908,OK
新規事業部 事業開発,篠崎 健太郎,2016年9月にインターンとしてキュービックに入社,2022-12-20,https://www.onecareer.jp/articles/2905,OK
メディア事業本部 副本部長,渡部 翼,1996年、千葉県出身,2022-12-20,https://www.onecareer.jp/articles/2905,OK
新卒採用責任者,荒木 珠里亜,1994年、東京都生まれ,2022-12-20,https://www.onecareer.jp/articles/2905,OK
,,,2022-12-23,https://www.onecareer.jp/articles/2907,登場人物情報なし
東京エレクトロンFE 九州FE部長,栗原 隆幸,1995年に東京エレクトロン九州に入社,2023-01-26,https://www.onecareer.jp/articles/2917,OK
,,,2023-02-17,https://www.onecareer.jp/articles/2918,登場人物情報なし
リクルート 執行役員,塩見直輔,1980年生まれ,2023-03-31,https://www.onecareer.jp/articles/2919,OK
3分対策】複数回の面接がカギ！企業理念を踏まえた上で志望度の高さをアピールしよう,【DBJ,こんにちは、ワンキャリ編集部です,2023-02-07,https://www.onecareer.jp/articles/2924,OK
3分対策】1万通から選ばれるESがカギ！本選考のES、Webテスト、面接の選考対策ポイント【21卒向け】,【全日本空輸,こんにちは、ワンキャリ編集部です,2023-02-07,https://www.onecareer.jp/articles/2924,OK
東京エレクトロン宮城 メカエンジニア,矢口 徹磨,2019年、東京エレクトロン宮城に新卒入社,2023-04-18,https://www.onecareer.jp/articles/2920,OK
東京エレクトロン九州 エレキエンジニア,田中 明賢,2013年、東京エレクトロン九州に新卒入社,2023-04-18,https://www.onecareer.jp/articles/2920,OK
東京エレクトロン テクノロジーソリューションズ ソフトエンジニア,小林 沙樹,2012年、東京エレクトロン テクノロジーソリューションズに新卒入社,2023-04-18,https://www.onecareer.jp/articles/2920,OK
,,,2023-02-08,https://www.onecareer.jp/articles/2925,登場人物情報なし
,,,2023-02-10,https://www.onecareer.jp/articles/2926,登場人物情報なし
デロイト トーマツ ベンチャーサポート 代表取締役社長,斎藤 祐馬,,2023-04-24,https://www.onecareer.jp/articles/2970,OK
名古屋本店 化成品部,河村 幸枝,大学では1年間カナダに留学し、就職活動では専門商社を志望していた,2023-05-09,https://www.onecareer.jp/articles/2974,OK
東京本店 鉄鋼本部 鉄鋼第二部,岩崎 祐貴,,2023-05-09,https://www.onecareer.jp/articles/2974,OK
,,,2023-04-26,https://www.onecareer.jp/articles/2972,登場人物情報なし
執行役員・人材紹介事業本部本部長,柴崎 雄貴,2008年入社、入社2年目にMR紹介サービスのブランディングをリード,2023-05-15,https://www.onecareer.jp/articles/2978,OK
EY Japan 気候変動・サステナビリティ・サービス（CCaSS）シニアコンサルタント,野島 有沙,在ロンドンの日本政府関連機関で2年ほど勤務した後、2013年に帰国し外務省に入省,2023-05-24,https://www.onecareer.jp/articles/3004,OK
EY Japan 気候変動・サステナビリティ・サービス（CCaSS）リーダー,牛島 慶一,,2023-05-24,https://www.onecareer.jp/articles/3004,OK
,,,2023-06-01,https://www.onecareer.jp/articles/3008,登場人物情報なし
製薬本部 コンサルティング部 プリンシパル,野本 有香,大阪大学人間科学部卒業後、マッキンゼー・アンド・カンパニーに入社,2023-05-31,https://www.onecareer.jp/articles/3005,OK
インシュアランス本部 データサイエンス部 データサイエンスティスト,村木 達弥,大学・大学院でデータサイエンスを研究し、2021年4月にJMDCに新卒入社,2023-05-31,https://www.onecareer.jp/articles/3005,OK
製薬本部 コンサルティング部,大久 敬子,大学の看護学部を卒業したのちに一度看護師として就職,2023-05-31,https://www.onecareer.jp/articles/3005,OK
京都大学 経営管理大学院 教授,砂川 伸幸,,2023-05-11,https://www.onecareer.jp/articles/2976,OK
EYストラテジー・アンド・コンサルティング EYパルテノン ストラテジー コンサルタント,井上 陽介,,2023-05-11,https://www.onecareer.jp/articles/2976,OK
EYストラテジー・アンド・コンサルティング ピープル・アドバイザリー・サービスリーダー パートナー,鵜澤 慎一郎,,2023-05-11,https://www.onecareer.jp/articles/2976,OK
,,,2023-06-29,https://www.onecareer.jp/articles/3014,登場人物情報なし
レバレジーズ 執行役員,藤本 直也,1991年生まれ,2023-11-14,https://www.onecareer.jp/articles/3012,OK
,,,2024-06-03,https://www.onecareer.jp/articles/3102,登場人物情報なし
セーフィー 代表取締役社長CEO,佐渡島 隆平,1999年、大学在学中にDaigakunote.comを創業,2023-06-29,https://www.onecareer.jp/articles/3069,OK
セーフィー 執行役員 営業本部副本部長,鈴木 竜太,セーフィー 執行役員 営業本部副本部長 兼 セールスイネーブルメント室長,2023-06-29,https://www.onecareer.jp/articles/3069,OK
,,,2024-04-25,https://www.onecareer.jp/articles/3106,登場人物情報なし
Digital-Tech Leapグループ AI Leapセクター マネージャー,笹本 奈津代,大学では社会学を専攻,2023-08-03,https://www.onecareer.jp/articles/3107,OK
Digital-Tech Leapグループ AI Leapセクター コンサルタント,藤井 七海,,2023-08-03,https://www.onecareer.jp/articles/3107,OK
キャップジェミニ 金融コンサルティングプラクティス シニアマネジャー,寺澤 敦史,,2023-08-08,https://www.onecareer.jp/articles/3108,OK
2020年新卒入社 エンタープライズソリューションチーム コンサルタント,西村 綾花,法政大学卒業後、2020年にキャップジェミニに新卒として入社,2023-08-08,https://www.onecareer.jp/articles/3108,OK
,,,2023-09-28,https://www.onecareer.jp/articles/3146,登場人物情報なし
DXIビジネスユニット ダイレクター,安藤 有紀,2008年中途入社,2023-09-27,https://www.onecareer.jp/articles/3153,OK
DXIビジネスユニット シニアマネージャー,小山 実希子,新卒で入社し、現存部門の立ち上げ時に新サービスの自社グローバル拠点展開を経験,2023-09-27,https://www.onecareer.jp/articles/3153,OK
執行理事・IP事業本部本部長,永井 聡一郎,,2023-09-19,https://www.onecareer.jp/articles/3147,OK
,,,2023-10-06,https://www.onecareer.jp/articles/3159,登場人物情報なし
,,,2023-10-11,https://www.onecareer.jp/articles/3160,登場人物情報なし
大阪取引所 デリバティブ市場営業部 兼 東京証券取引所 エクイティ市場営業部 リテールグループ 課長,三堀 由紀子,,2023-10-24,https://www.onecareer.jp/articles/3178,OK
株式会社JPX総研 フロンティア戦略部 データサービス企画グループ 統括課長,保坂 豪,2005年に新卒で入社,2023-10-24,https://www.onecareer.jp/articles/3178,OK
,,,2023-10-20,https://www.onecareer.jp/articles/3170,登場人物情報なし
,,,2023-10-23,https://www.onecareer.jp/articles/3179,登場人物情報なし
,,,2023-11-15,https://www.onecareer.jp/articles/3213,登場人物情報なし
,,,2023-11-17,https://www.onecareer.jp/articles/3217,登場人物情報なし
,,,2023-11-20,https://www.onecareer.jp/articles/3219,登場人物情報なし
,,,2023-12-11,https://www.onecareer.jp/articles/3240,登場人物情報なし
,,,2023-12-06,https://www.onecareer.jp/articles/3239,登場人物情報なし
,,,2023-12-14,https://www.onecareer.jp/articles/3243,登場人物情報なし
ユーラスエナジーホールディングス 人事総務部長,丹羽 陽介,,2023-12-12,https://www.onecareer.jp/articles/3242,OK
,,,2023-12-14,https://www.onecareer.jp/articles/3249,登場人物情報なし
,,,2023-12-20,https://www.onecareer.jp/articles/3250,登場人物情報なし
,,,2024-02-19,https://www.onecareer.jp/articles/3301,登場人物情報なし
,,,2024-02-16,https://www.onecareer.jp/articles/3308,登場人物情報なし
博報堂ＤＹメディアパートナーズ メディアプラニングディレクター,大竹 祥昭,2010年博報堂に新卒入社,2024-04-01,https://www.onecareer.jp/articles/3367,OK
博報堂／博報堂ＤＹメディアパートナーズ マネジメントプラナー 新卒採用担当,白坂 太秀,2019年博報堂に新卒入社,2024-04-01,https://www.onecareer.jp/articles/3367,OK
,,,2024-03-29,https://www.onecareer.jp/articles/3368,登場人物情報なし
シニアパートナー（右）,小林洋平,東京大学法学部卒、2007年入社,2024-05-10,https://www.onecareer.jp/articles/3422,OK
マネージャー（中央）,福士啓夢,京都大学法学部卒、2020年入社,2024-05-10,https://www.onecareer.jp/articles/3422,OK
シニアビジネスアナリスト（左）,妹尾駿,東京大学法学部卒、2022年入社,2024-05-10,https://www.onecareer.jp/articles/3422,OK
,,,2024-05-27,https://www.onecareer.jp/articles/3448,登場人物情報なし
東京大学 教養学部 教養学科卒業後、2020年4月に新卒でBCGに入社。,五十嵐 星来,,2025-04-07,https://www.onecareer.jp/articles/3485,OK
レバテックITソリューション事業部 個人営業,内町 和嗣,大阪大学外国語学部卒業、2022年入社,2024-05-31,https://www.onecareer.jp/articles/3494,OK
マーケティング部 CRMチーム,寺西 美月,東京大学大学院総合文化研究科修了、2023 年入社,2024-05-31,https://www.onecareer.jp/articles/3494,OK
海外事業本部 グローバルサポート事業部 法人営業,市橋 大旗,上智大学法学部卒業、2023年入社,2024-05-31,https://www.onecareer.jp/articles/3494,OK
ソーシャルメディアマーケティングDiv.デジタルアドグループ プランナー,土橋 謙斗,2018年4月にトレンダーズに新卒入社,2024-06-24,https://www.onecareer.jp/articles/3520,OK
ampule Div.マネージャー,福田 夢,2020年4月にトレンダーズに新卒入社,2024-06-24,https://www.onecareer.jp/articles/3520,OK
経営戦略 Div. 統括 執行役員,大西 香織,2009年4月にトレンダーズに新卒入社,2024-06-24,https://www.onecareer.jp/articles/3520,OK
資生堂ジャパン株式会社 プレミアムブランド事業本部 アカウント第3事業部 事業部長,有本 圭吾,2005年新卒入社,2024-07-16,https://www.onecareer.jp/articles/3557,OK
資生堂ジャパン株式会社 プレミアムブランド事業本部 アカウント第3事業部 第2営業統括部,清水 大生,2013年新卒入社,2024-07-16,https://www.onecareer.jp/articles/3557,OK
財務報告アドバイザリー部 パートナー,浅野 圭子,大学卒業後、総合商社で貿易実務を担当した後、米国の監査法人にて監査業務に従事,2024-07-18,https://www.onecareer.jp/articles/3572,OK
財務報告アドバイザリー部 アソシエイト,濱元 一壮,2023年4月、新卒入社,2024-07-18,https://www.onecareer.jp/articles/3572,OK
資生堂インタラクティブビューティー株式会社 DX本部 オムニエクスペリエンス推進部 オムニPBPリレーショングループ,奥田 玲子,2022年に新卒で資生堂に入社,2024-06-20,https://www.onecareer.jp/articles/3523,OK
企業金融第6部所属,須藤 瑠衣,2019年入行,2024-07-19,https://www.onecareer.jp/articles/3579,OK
企業投資第2部所属,中村 将隆,2019年入行,2024-07-19,https://www.onecareer.jp/articles/3579,OK
企業投資第2部所属,松本 裕美,2019年入行,2024-07-19,https://www.onecareer.jp/articles/3579,OK
アビームコンサルティング 執行役員 プリンシパル 顧客価値創造 戦略ユニット長 兼 企業価値向上 戦略ユニット長,斎藤 岳,,2025-03-31,https://www.onecareer.jp/articles/3613,OK
アビームコンサルティング 執行役員 プリンシパル 人的資本経営 戦略ユニット長,久保田 勇輝,,2025-03-31,https://www.onecareer.jp/articles/3613,OK
3分対策】明確な志望理由を示そう！本選考の選考対策ポイント,【東京海上日動火災保険,こんにちは、ワンキャリ編集部です,2025-03-31,https://www.onecareer.jp/articles/3613,OK
中部支社 名古屋流通店舗事業部 第三事業部営業課,柴山 雄太,2019年に大和ハウス工業に新卒入社,2024-09-18,https://www.onecareer.jp/articles/3684,OK
東関東支社 建築設計部第一課,志村 拓哉,2019年に大和ハウス工業に新卒入社,2024-09-18,https://www.onecareer.jp/articles/3684,OK
東京本店 建築系工事部第一部 流通第一課,篠崎 友香,2020年に大和ハウス工業に新卒入社,2024-09-18,https://www.onecareer.jp/articles/3684,OK
,,,2024-10-31,https://www.onecareer.jp/articles/3803,登場人物情報なし
,,,2024-09-13,https://www.onecareer.jp/articles/3706,登場人物情報なし
,,,2024-08-07,https://www.onecareer.jp/articles/3625,登場人物情報なし
,,,2024-12-04,https://www.onecareer.jp/articles/3809,登場人物情報なし
,,,2024-11-08,https://www.onecareer.jp/articles/3852,登場人物情報なし
Tokio Marine America／Head of Strategic Planning Department,高木 勇輔,2007年に新卒で東京海上日動に入社,2024-11-28,https://www.onecareer.jp/articles/3885,OK
アサヒビール マーケティング本部スマドリマーケティング部,八木 陸,同社が進めるスマドリの取り組みに従事,2024-12-19,https://www.onecareer.jp/articles/3939,OK
アサヒ飲料株式会社 未来創造本部 CSV戦略部,佐藤 乃亜,ウォーターサーバービジネスの立ち上げに従事,2024-12-19,https://www.onecareer.jp/articles/3939,OK
アサヒグループ食品株式会社 研究開発本部 技術開発一課 所属,高橋 夢月,酵母を活用した、腸内環境の改善や免疫の向上に関する研究に従事,2024-12-19,https://www.onecareer.jp/articles/3939,OK
パワトレインプロダクツ機器事業部 パワトレインプロダクツ機器1部（写真右）,新海 和也,機械系（メカ）職種として、電気自動車などで将来用いる電源製品の先行開発業務を担当,2024-12-07,https://www.onecareer.jp/articles/3900,OK
セーフティソフトウェア事業部 セーフティソフトウェア3部（写真中央）,鳥居 大二,,2024-12-07,https://www.onecareer.jp/articles/3900,OK
セーフティハードウェア事業部 セーフティハードウェア1部（写真左）,石濵 航大,,2024-12-07,https://www.onecareer.jp/articles/3900,OK
写真右,鹿野又 悠,Sier、日系コンサルティングファームを経て2020年にディルバートへ参画,2024-12-26,https://www.onecareer.jp/articles/3951,OK
写真左,森田 晴香,上智大学 文学部・新聞学科出身,2024-12-26,https://www.onecareer.jp/articles/3951,OK
エンジニアリング事業本部 法人・公共ビジネス事業部 法人ビジネス2部長,酒井 拓也,1993年入社,2024-12-20,https://www.onecareer.jp/articles/3945,OK
営業第二部管理グループ（併）ソリューション営業グループ 主任,山内 凌,新卒でNEXIに入社,2024-12-26,https://www.onecareer.jp/articles/3959,OK
審査部審査グループ グループ長補佐,田中 瑞紀,新卒でNEXIに入社,2024-12-26,https://www.onecareer.jp/articles/3959,OK
営業第二部資源グループ 主任,安田 桃生,新卒2期生としてNEXIに入社,2024-12-26,https://www.onecareer.jp/articles/3959,OK
IT Managementセクター シニアコンサルタント,尾山 紗奈,前職では、通信事業会社でプレセールスエンジニアを担当,2025-12-26,https://www.onecareer.jp/articles/3954,OK
design X architectセクター コンサルタント,吉岡 千賀子,2022年にアビームコンサルティングに新卒で入社,2025-12-26,https://www.onecareer.jp/articles/3954,OK
,,,2025-04-02,https://www.onecareer.jp/articles/4008,登場人物情報なし
,,,2025-03-28,https://www.onecareer.jp/articles/4127,登場人物情報なし
技術統括本部 エンタープライズ第二本部 グループITユニット基幹システム開発部（取材時点）,鬼束 奈桜,2014年に株式会社電通国際情報サービスに新卒入社,2025-02-18,https://www.onecareer.jp/articles/4027,OK
営業統括本部 グループ経営ソリューション事業部G経営コンサルティング第2U 一般会計コンサルティング部（取材時点）,奥山 沙耶,2021年に株式会社電通国際情報サービスに新卒入社,2025-02-18,https://www.onecareer.jp/articles/4027,OK
,,,2025-04-21,https://www.onecareer.jp/articles/4153,登場人物情報なし
,,,2025-05-08,https://www.onecareer.jp/articles/4223,登場人物情報なし
取締役 企画本部長,阿藤 剛,,2025-03-31,https://www.onecareer.jp/articles/4131,OK
執行役員　金融セクターソリューション統轄パートナー　HCD（採用・人材開発）統轄パートナー,山下 雅和,,2025-05-19,https://www.onecareer.jp/articles/4288,OK
採用コンサルティング部門 責任者,石井 悠,2015年慶應義塾大学卒,2026-04-06,https://www.onecareer.jp/articles/4289,OK
大手企業向けコンサルティング部門 コンサルタント,神田 誠仁,2023年早稲田大学卒,2026-04-06,https://www.onecareer.jp/articles/4289,OK
3分対策/インターン】集団面接やGDなど各選考ステップの詳細や評価ポイントを詳しく解説！,【野村総合研究所/NRI,こんにちは、ワンキャリ編集部です,2026-04-06,https://www.onecareer.jp/articles/4289,OK
エンジニアリング事業本部,加藤 太一郎,2022年入社,2025-06-23,https://www.onecareer.jp/articles/4331,OK
代表取締役会長,小笹 芳央,1986年にリクルート（現・リクルートホールディングス）入社,2025-06-27,https://www.onecareer.jp/articles/4333,OK
,,,2025-06-23,https://www.onecareer.jp/articles/4339,登場人物情報なし
,,,2025-06-30,https://www.onecareer.jp/articles/4340,登場人物情報なし
日本ロレアル株式会社リュクス事業本部 イヴ・サンローラン・ボーテ プロダクトマネージャー,三木 智博,,2025-06-26,https://www.onecareer.jp/articles/4412,OK
日本ロレアル株式会社 ロレアル ダーマトロジカル ビューティ事業本部 ジュニア プロダクトマネージャー,猪垣 勇,2024年入社,2025-06-26,https://www.onecareer.jp/articles/4412,OK
キリンビールマーケティング本部流通営業本部広域流通第1支社流通2部　担当部長,三須 元希,2015年入社,2025-06-27,https://www.onecareer.jp/articles/4411,OK
キリンビールマーケティング本部流通営業本部広域流通第1支社流通2部,森本 昴,2019年入社,2025-06-27,https://www.onecareer.jp/articles/4411,OK
アソシエイトマネジャー,佐々木 克仁,2021年入社,2025-07-18,https://www.onecareer.jp/articles/4609,OK
キャディ 執行役員 CHRO（最高人事責任者）,幸松 大喜,東京大学卒業後、マッキンゼーに入社,2025-07-11,https://www.onecareer.jp/articles/4607,OK
,,,2025-07-30,https://www.onecareer.jp/articles/4611,登場人物情報なし
マネジメントソリューションズ アカウントマネジメント本部 営業推進部事業管理課 課長,中島 麻利,2016年入社,2025-08-28,https://www.onecareer.jp/articles/4701,OK
マネジメントソリューションズ PM事業本部プロジェクトコントローラー,黒川 樹,2023年入社,2025-08-28,https://www.onecareer.jp/articles/4701,OK
,,,2025-09-19,https://www.onecareer.jp/articles/4786,登場人物情報なし
SEVENRICH GROUP経営企画室室長,吉川 悠真,学生起業後、新卒でITベンダーに入社後、2018年にセブンリッチ会計事務所に入社,2025-10-30,https://www.onecareer.jp/articles/4788,OK
BOX　代表取締役,長山 広大,,2025-10-30,https://www.onecareer.jp/articles/4788,OK
人事部採用・育成・DE&I推進ユニット副主事,幸田 晃太朗,2017年、三菱地所入社,2025-10-28,https://www.onecareer.jp/articles/4791,OK
人事部採用・育成・DE&I推進ユニットユニットリーダー,浅見 あゆみ,2003年、三菱地所入社,2025-10-28,https://www.onecareer.jp/articles/4791,OK
経営企画部 次長,古賀 亮,2007年に新卒で入行,2025-10-31,https://www.onecareer.jp/articles/4790,OK
人事部 採用事務局,丸岡 玲奈,2022年に新卒で入行,2025-10-31,https://www.onecareer.jp/articles/4790,OK
,,,2025-12-23,https://www.onecareer.jp/articles/4792,登場人物情報なし
,,,2026-05-27,https://www.onecareer.jp/articles/4793,登場人物情報なし
代表取締役常務,菊山 直也,1996年 NTTデータ入社,2025-12-26,https://www.onecareer.jp/articles/5069,OK
,,,2025-11-04,https://www.onecareer.jp/articles/4794,登場人物情報なし
Corporate Director／新卒採用責任者,髙尾 輝,新卒でニトリに入社後、日系大手コンサルティングファームに転職,2025-12-23,https://www.onecareer.jp/articles/5132,OK
Senior Talent Acquisition／新卒採用リーダー,島村 朋也,新卒でニトリに入社,2025-12-23,https://www.onecareer.jp/articles/5132,OK
執行役員・シニアマネージングディレクター,村岡 元司,大手商社、シンクタンクを経て、2001年6月より現職,2026-01-23,https://www.onecareer.jp/articles/5158,OK
人事部長,阿部 正和,,2026-01-23,https://www.onecareer.jp/articles/5158,OK
ライフ・バリュー・クリエイションユニット　シニアコンサルタント,荒川 悠佳,2021年に新卒として入社,2025-12-22,https://www.onecareer.jp/articles/5145,OK
ビジネストランスフォーメーションユニット　マネージャー,佐々木 俊哉,2019年新卒入社,2025-12-22,https://www.onecareer.jp/articles/5145,OK
,,,2026-03-09,https://www.onecareer.jp/articles/5247,登場人物情報なし
ビジネストランスフォーメーションユニット マネージャー,坂元 健一,2023年中途入社,2026-03-03,https://www.onecareer.jp/articles/5187,OK
ライフ・バリュー・クリエイションユニット シニアコンサルタント,山岡 由佳,2024年中途入社,2026-03-03,https://www.onecareer.jp/articles/5187,OK
GO株式会社執行役員,中西 佑樹,2008年に不動産会社にてキャリアをスタート,2026-03-17,https://www.onecareer.jp/articles/5260,OK
ラクスル株式会社 代表取締役社長 CEO,永見 世央,,2026-04-08,https://www.onecareer.jp/articles/5291,OK
ソーシャル・デジタル戦略ユニット　ディレクター,大石 智史,,2026-03-25,https://www.onecareer.jp/articles/5280,OK
ライフ・バリュー・クリエイションユニット　ディレクター,大野 孝司,,2026-03-25,https://www.onecareer.jp/articles/5280,OK
,,,2026-03-30,https://www.onecareer.jp/articles/5293,登場人物情報なし
三菱商事 人事部 採用チームリーダー,吉木 明博,2010年、三菱商事入社,2026-04-08,https://www.onecareer.jp/articles/5304,OK
ラクスルグループ ラクスルバンク株式会社,丸山 諒,早稲田大学を卒業後、2008年に株式会社ミスミに入社,2026-04-22,https://www.onecareer.jp/articles/5306,OK
代表取締役,／関 厳,東京大学卒業後、大手経営コンサルティング会社に新卒入社,2026-05-14,https://www.onecareer.jp/articles/5380,OK
エンタープライズ事業本部 パートナー,／森本 達也,,2026-05-14,https://www.onecareer.jp/articles/5380,OK
ベンチャー事業部 パートナー,写真右／大島 周,大阪府立大学卒業後、リブ・コンサルティングに新卒で入社,2026-05-14,https://www.onecareer.jp/articles/5380,OK
ラクスル株式会社 エンタープライズ事業部 Designグループ マネージャー,山根 悠暉,京都大学大学院薬学研究科卒業後、2020年4月に新卒入社,2026-04-30,https://www.onecareer.jp/articles/5360,OK
YKK AP株式会社 常務執行役員 人事戦略本部 人事統括部,村上 由香,,2026-05-22,https://www.onecareer.jp/articles/5386,OK
YKK AP株式会社 人事戦略本部 人事統括部 採用戦略部長,田中 雄介,教育学部でキャリア教育を学んだ後、2016年に外資系人材会社へ新卒入社,2026-05-22,https://www.onecareer.jp/articles/5386,OK
,,,2026-05-29,https://www.onecareer.jp/articles/5401,登場人物情報なし
エンタープライズビジネス営業部 文教営業担当 主査,大谷 友香,新卒入社6年目,2026-05-27,https://www.onecareer.jp/articles/5390,OK
エンタープライズビジネス営業部 N&S推進担当,福井 さら,新卒入社4年目,2026-05-27,https://www.onecareer.jp/articles/5390,OK
ビジネスプロデューサー  Technology & Amplify  プロジェクトリーダー,矢田 敦士,京都大学経済学部卒業後、大手インフラ企業にて主に事業企画を6年間担当,2026-05-27,https://www.onecareer.jp/articles/5402,OK
ビジネスプロデューサー  Technology & Amplify,廣瀬 允子,,2026-05-27,https://www.onecareer.jp/articles/5402,OK
ビジネスプロデューサー,滝沢 美桜,東京大学文学部にて社会学を専修,2026-05-27,https://www.onecareer.jp/articles/5402,OK
東京中小企業投資育成 業務第四部所属（神奈川県担当）／入社2年目・主任,上野代 芽依,横浜市立大学 国際商学部卒,2026-05-29,https://www.onecareer.jp/articles/5412,OK
東京中小企業投資育成 業務第二部所属（東京都担当）／入社2年目・主任,加藤 将義,京都大学 経済学部卒,2026-05-29,https://www.onecareer.jp/articles/5412,OK
東京中小企業投資育成 業務第三部所属（岩手県担当）／入社2年目・主任,志村 壮輝,明治大学 政治経済学部卒,2026-05-29,https://www.onecareer.jp/articles/5412,OK
東京中小企業投資育成 業務第四部所属（長野・山梨県担当）／入社2年目・主任,河津 玄徳,慶應義塾大学 経済学部卒,2026-05-29,https://www.onecareer.jp/articles/5412,OK
,,,2016-08-08,https://www.onecareer.jp/articles/543,登場人物情報なし
,,,2026-06-17,https://www.onecareer.jp/articles/5430,登場人物情報なし
株式会社blowout 代表取締役CEO,一ノ宮 佑貴,1990年生まれ、一橋大学社会学部卒業,2026-06-11,https://www.onecareer.jp/articles/5441,OK
3分対策/インターン】集団面接やGDなど各選考ステップの詳細や評価ポイントを詳しく解説！,【野村総合研究所/NRI,こんにちは、ワンキャリ編集部です,2026-06-26,https://www.onecareer.jp/articles/5445,OK
,,,2026-06-24,https://www.onecareer.jp/articles/5483,登場人物情報なし
株式会社リブ・コンサルティング,水谷 優香,エンタープライズ事業本部 マネージャー,2026-06-30,https://www.onecareer.jp/articles/5490,OK
シンプレクス・ホールディングス株式会社 取締役副社長（共同COO（最高執行責任者））,早田政孝,2002年に慶應義塾大学理工学部を卒業後、アクセンチュアに入社,2026-07-17,https://www.onecareer.jp/articles/5501,OK
株式会社,前川 陽香,Dirbato　BD,2026-06-29,https://www.onecareer.jp/articles/5485,OK
NOT A HOTEL MANAGEMENT サービススタッフ（SETOUCHI）,深津 苑蔵,大学を卒業後、新卒でBtoBの食品メーカーの営業に従事,2026-07-17,https://www.onecareer.jp/articles/5511,OK
Lead Architect（意匠設計リーダー）（中途入社・入社4年目）,杉山 竜,県立大宮工業高校卒,2026-07-17,https://www.onecareer.jp/articles/5512,OK
Architect（意匠設計）（新卒入社・入社2年目）,坂井 星舞,芝浦工業大学大学院を修了,2026-07-17,https://www.onecareer.jp/articles/5512,OK
,,,2017-02-01,https://www.onecareer.jp/articles/735,登場人物情報なし
,,,2017-12-18,https://www.onecareer.jp/articles/690,登場人物情報なし
,,,2017-02-13,https://www.onecareer.jp/articles/736,登場人物情報なし
,,,2017-02-27,https://www.onecareer.jp/articles/737,登場人物情報なし
,,,2017-03-02,https://www.onecareer.jp/articles/738,登場人物情報なし
株式会社ワンキャリア 取締役CSO／作家,北野 唯我,新卒で博報堂の経営企画局・経理財務局勤務,2017-05-22,https://www.onecareer.jp/articles/902,OK
,,,2018-05-11,https://www.onecareer.jp/articles/913,登場人物情報なし
,,,2017-02-22,https://www.onecareer.jp/articles/779,登場人物情報なし
,,,2018-05-14,https://www.onecareer.jp/articles/915,登場人物情報なし
,,,2017-06-01,https://www.onecareer.jp/articles/928,登場人物情報なし
マッキンゼー・アンド・カンパニーのパートナーを務め、現在のコンサルティング概念を確立したと評される,*マービン・バウワー,,2017-06-19,https://www.onecareer.jp/articles/948,OK
コンサルタントが事業会社に常駐し、総合的な経営支援を行うこと,*ハンズオン,塩野,2017-06-19,https://www.onecareer.jp/articles/948,OK
,,,2018-05-10,https://www.onecareer.jp/articles/918,登場人物情報なし
