keyword,article_url
部長,https://prtimes.jp/main/html/rd/p/000000359.000025659.html
部長,https://prtimes.jp/main/html/rd/p/000000021.000071034.html
部長,https://prtimes.jp/main/html/rd/p/000000155.000065589.html
部長,https://prtimes.jp/main/html/rd/p/000000794.000025141.html
部長,https://prtimes.jp/main/html/rd/p/000000001.000186388.html
部長,https://prtimes.jp/main/html/rd/p/000000100.000047349.html
部長,https://prtimes.jp/main/html/rd/p/000001729.000080053.html
部長,https://prtimes.jp/main/html/rd/p/000000041.000015160.html
部長,https://prtimes.jp/main/html/rd/p/000000296.000027824.html
部長,https://prtimes.jp/main/html/rd/p/000004135.000072793.html
部長,https://prtimes.jp/main/html/rd/p/000000012.000122601.html
部長,https://prtimes.jp/main/html/rd/p/000000017.000137392.html
部長,https://prtimes.jp/main/html/rd/p/000000071.000044345.html
部長,https://prtimes.jp/main/html/rd/p/000000012.000165475.html
部長,https://prtimes.jp/main/html/rd/p/000000194.000089028.html
部長,https://prtimes.jp/main/html/rd/p/000000123.000063127.html
部長,https://prtimes.jp/main/html/rd/p/000000034.000162243.html
部長,https://prtimes.jp/main/html/rd/p/000000292.000080252.html
部長,https://prtimes.jp/main/html/rd/p/000000154.000050855.html
部長,https://prtimes.jp/main/html/rd/p/000000090.000147227.html
部長,https://prtimes.jp/main/html/rd/p/000000237.000044088.html
部長,https://prtimes.jp/main/html/rd/p/000000415.000011515.html
部長,https://prtimes.jp/main/html/rd/p/000000247.000017610.html
部長,https://prtimes.jp/main/html/rd/p/000000299.000013058.html
部長,https://prtimes.jp/main/html/rd/p/000000018.000136858.html
部長,https://prtimes.jp/main/html/rd/p/000000148.000136212.html
部長,https://prtimes.jp/main/html/rd/p/000000289.000052275.html
部長,https://prtimes.jp/main/html/rd/p/000000366.000059899.html
部長,https://prtimes.jp/main/html/rd/p/000000096.000146306.html
部長,https://prtimes.jp/main/html/rd/p/000000128.000097656.html
部長,https://prtimes.jp/main/html/rd/p/000000350.000042113.html
部長,https://prtimes.jp/main/html/rd/p/000000357.000035321.html
部長,https://prtimes.jp/main/html/rd/p/000000067.000126627.html
部長,https://prtimes.jp/main/html/rd/p/000000056.000091164.html
部長,https://prtimes.jp/main/html/rd/p/000005463.000054842.html
部長,https://prtimes.jp/main/html/rd/p/000001765.000129774.html
部長,https://prtimes.jp/main/html/rd/p/000000228.000036740.html
部長,https://prtimes.jp/main/html/rd/p/000000274.000056805.html
部長,https://prtimes.jp/main/html/rd/p/000000081.000137317.html
部長,https://prtimes.jp/main/html/rd/p/000000013.000182551.html
課長,https://prtimes.jp/main/html/rd/p/000000225.000038857.html
課長,https://prtimes.jp/main/html/rd/p/000000011.000086525.html
課長,https://prtimes.jp/main/html/rd/p/000000011.000166084.html
課長,https://prtimes.jp/main/html/rd/p/000000096.000040945.html
課長,https://prtimes.jp/main/html/rd/p/000001635.000108051.html
課長,https://prtimes.jp/main/html/rd/p/000000154.000025975.html
課長,https://prtimes.jp/main/html/rd/p/000000022.000144822.html
課長,https://prtimes.jp/main/html/rd/p/000001628.000108051.html
課長,https://prtimes.jp/main/html/rd/p/000000355.000053341.html
課長,https://prtimes.jp/main/html/rd/p/000000469.000030192.html
課長,https://prtimes.jp/main/html/rd/p/000000008.000082689.html
課長,https://prtimes.jp/main/html/rd/p/000000099.000047349.html
課長,https://prtimes.jp/main/html/rd/p/000000001.000187262.html
課長,https://prtimes.jp/main/html/rd/p/000000012.000152790.html
課長,https://prtimes.jp/main/html/rd/p/000000387.000031450.html
課長,https://prtimes.jp/main/html/rd/p/000001187.000097825.html
課長,https://prtimes.jp/main/html/rd/p/000001282.000005593.html
課長,https://prtimes.jp/main/html/rd/p/000000013.000146698.html
課長,https://prtimes.jp/main/html/rd/p/000000094.000045280.html
課長,https://prtimes.jp/main/html/rd/p/000000048.000082128.html
課長,https://prtimes.jp/main/html/rd/p/000000815.000008550.html
課長,https://prtimes.jp/main/html/rd/p/000000639.000022823.html
課長,https://prtimes.jp/main/html/rd/p/000000128.000041222.html
課長,https://prtimes.jp/main/html/rd/p/000000074.000114211.html
課長,https://prtimes.jp/main/html/rd/p/000000016.000149769.html
課長,https://prtimes.jp/main/html/rd/p/000000051.000062517.html
課長,https://prtimes.jp/main/html/rd/p/000000011.000164896.html
課長,https://prtimes.jp/main/html/rd/p/000000010.000113207.html
課長,https://prtimes.jp/main/html/rd/p/000000345.000077082.html
課長,https://prtimes.jp/main/html/rd/p/000001650.000108051.html
課長,https://prtimes.jp/main/html/rd/p/000000097.000003070.html
課長,https://prtimes.jp/main/html/rd/p/000000397.000002454.html
課長,https://prtimes.jp/main/html/rd/p/000004134.000072793.html
マネージャー,https://prtimes.jp/main/html/rd/p/000002403.000046848.html
マネージャー,https://prtimes.jp/main/html/rd/p/000000027.000108541.html
マネージャー,https://prtimes.jp/main/html/rd/p/000000186.000136931.html
マネージャー,https://prtimes.jp/main/html/rd/p/000000157.000069271.html
マネージャー,https://prtimes.jp/main/html/rd/p/000000042.000048224.html
マネージャー,https://prtimes.jp/main/html/rd/p/000000075.000084226.html
マネージャー,https://prtimes.jp/main/html/rd/p/000000006.000169668.html
マネージャー,https://prtimes.jp/main/html/rd/p/000000150.000053380.html
マネージャー,https://prtimes.jp/main/html/rd/p/000001670.000016051.html
マネージャー,https://prtimes.jp/main/html/rd/p/000000165.000004537.html
マネージャー,https://prtimes.jp/main/html/rd/p/000002765.000048095.html
マネージャー,https://prtimes.jp/main/html/rd/p/000000011.000171371.html
マネージャー,https://prtimes.jp/main/html/rd/p/000000164.000052085.html
マネージャー,https://prtimes.jp/main/html/rd/p/000000136.000046420.html
マネージャー,https://prtimes.jp/main/html/rd/p/000000279.000031375.html
マネージャー,https://prtimes.jp/main/html/rd/p/000000055.000113927.html
マネージャー,https://prtimes.jp/main/html/rd/p/000000076.000099008.html
マネージャー,https://prtimes.jp/main/html/rd/p/000000587.000037205.html
マネージャー,https://prtimes.jp/main/html/rd/p/000000538.000040283.html
マネージャー,https://prtimes.jp/main/html/rd/p/000000001.000187202.html
マネージャー,https://prtimes.jp/main/html/rd/p/000000540.000060069.html
マネージャー,https://prtimes.jp/main/html/rd/p/000000670.000055900.html
マネージャー,https://prtimes.jp/main/html/rd/p/000000503.000042056.html
マネージャー,https://prtimes.jp/main/html/rd/p/000000011.000183857.html
マネージャー,https://prtimes.jp/main/html/rd/p/000000150.000049797.html
マネージャー,https://prtimes.jp/main/html/rd/p/000000621.000025423.html
マネージャー,https://prtimes.jp/main/html/rd/p/000000015.000173986.html
マネージャー,https://prtimes.jp/main/html/rd/p/000000065.000064708.html
マネージャー,https://prtimes.jp/main/html/rd/p/000000089.000143004.html
マネージャー,https://prtimes.jp/main/html/rd/p/000000802.000002888.html
マネージャー,https://prtimes.jp/main/html/rd/p/000000106.000018682.html
マネージャー,https://prtimes.jp/main/html/rd/p/000000077.000037341.html
マネージャー,https://prtimes.jp/main/html/rd/p/000000539.000060069.html
マネージャー,https://prtimes.jp/main/html/rd/p/000002269.000005118.html
マネジャー,https://prtimes.jp/main/html/rd/p/000000366.000058707.html
マネジャー,https://prtimes.jp/main/html/rd/p/000000413.000065734.html
マネジャー,https://prtimes.jp/main/html/rd/p/000001137.000005223.html
マネジャー,https://prtimes.jp/main/html/rd/p/000000679.000008255.html
マネジャー,https://prtimes.jp/main/html/rd/p/000000388.000088324.html
マネジャー,https://prtimes.jp/main/html/rd/p/000000389.000088324.html
マネジャー,https://prtimes.jp/main/html/rd/p/000000003.000177816.html
マネジャー,https://prtimes.jp/main/html/rd/p/000000001.000187078.html
マネジャー,https://prtimes.jp/main/html/rd/p/000000008.000149324.html
マネジャー,https://prtimes.jp/main/html/rd/p/000000241.000007452.html
マネジャー,https://prtimes.jp/main/html/rd/p/000000018.000034932.html
マネジャー,https://prtimes.jp/main/html/rd/p/000000076.000086162.html
マネジャー,https://prtimes.jp/main/html/rd/p/000002422.000004702.html
マネジャー,https://prtimes.jp/main/html/rd/p/000000126.000113863.html
マネジャー,https://prtimes.jp/main/html/rd/p/000000012.000179753.html
マネジャー,https://prtimes.jp/main/html/rd/p/000000818.000004782.html
マネジャー,https://prtimes.jp/main/html/rd/p/000000002.000184777.html
マネジャー,https://prtimes.jp/main/html/rd/p/000000202.000080364.html
マネジャー,https://prtimes.jp/main/html/rd/p/000000590.000037205.html
マネジャー,https://prtimes.jp/main/html/rd/p/000000176.000046389.html
マネジャー,https://prtimes.jp/main/html/rd/p/000000095.000040945.html
マネジャー,https://prtimes.jp/main/html/rd/p/000000251.000010736.html
マネジャー,https://prtimes.jp/main/html/rd/p/000000023.000126832.html
マネジャー,https://prtimes.jp/main/html/rd/p/000000128.000030340.html
マネジャー,https://prtimes.jp/main/html/rd/p/000002776.000001348.html
マネジャー,https://prtimes.jp/main/html/rd/p/000000111.000026498.html
マネジャー,https://prtimes.jp/main/html/rd/p/000000529.000053134.html
マネジャー,https://prtimes.jp/main/html/rd/p/000004949.000003670.html
マネジャー,https://prtimes.jp/main/html/rd/p/000000287.000080252.html
マネジャー,https://prtimes.jp/main/html/rd/p/000004592.000032407.html
マネジャー,https://prtimes.jp/main/html/rd/p/000000266.000059559.html
マネジャー,https://prtimes.jp/main/html/rd/p/000004529.000032407.html
マネジャー,https://prtimes.jp/main/html/rd/p/000000002.000186081.html
マネジャー,https://prtimes.jp/main/html/rd/p/000002409.000046210.html
