event_id,url,title,date_from_list
87892,https://www.sbbit.jp/fj/eventinfo/detail/87892,,2025/12/16
87552,https://www.sbbit.jp/eventinfo/detail/87552,,2026/01/14
87566,https://www.sbbit.jp/fj/eventinfo/detail/87566,,2026/01/16
87567,https://www.sbbit.jp/eventinfo/detail/87567,,2026/01/20
88661,https://www.sbbit.jp/eventinfo/detail/88661,,2026/03/01
88050,https://www.sbbit.jp/eventinfo/detail/88050,,2026/03/01
88825,https://www.sbbit.jp/eventinfo/detail/88825,,2026/05/13
88828,https://www.sbbit.jp/eventinfo/detail/88828,,2026/05/13
88510,https://www.sbbit.jp/eventinfo/detail/88510,,2026/05/14
88512,https://www.sbbit.jp/eventinfo/detail/88512,,2026/05/14
88511,https://www.sbbit.jp/eventinfo/detail/88511,,2026/05/14
88827,https://www.sbbit.jp/eventinfo/detail/88827,,2026/05/22
89334,https://www.sbbit.jp/eventinfo/detail/89334,,2026/06/18
89374,https://www.sbbit.jp/eventinfo/detail/89374,,2026/06/19
89272,https://www.sbbit.jp/eventinfo/detail/89272,,2026/06/22
89231,https://www.sbbit.jp/eventinfo/detail/89231,,2026/06/22
89360,https://www.sbbit.jp/eventinfo/detail/89360,,2026/06/29
89435,https://www.sbbit.jp/eventinfo/detail/89435,,2026/06/29
89341,https://www.sbbit.jp/eventinfo/detail/89341,,2026/06/29
89340,https://www.sbbit.jp/eventinfo/detail/89340,,2026/06/29
89522,https://www.sbbit.jp/eventinfo/detail/89522,,2026/07/01
89544,https://www.sbbit.jp/eventinfo/detail/89544,,2026/07/03
89589,https://www.sbbit.jp/eventinfo/detail/89589,,2026/07/08
89132,https://www.sbbit.jp/eventinfo/detail/89132,東京・大阪・オンライン,2026/07/15
89309,https://www.sbbit.jp/eventinfo/detail/89309,,2026/07/16
89268,https://www.sbbit.jp/eventinfo/detail/89268,,2026/07/17
89199,https://www.sbbit.jp/eventinfo/detail/89199,,2026/07/17
89403,https://www.sbbit.jp/eventinfo/detail/89403,,2026/07/17
89664,https://www.sbbit.jp/eventinfo/detail/89664,,2026/07/17
89546,https://www.sbbit.jp/eventinfo/detail/89546,,2026/07/17
88481,https://www.sbbit.jp/st/eventinfo/detail/88481,,2026/07/17
88743,https://www.sbbit.jp/fj/eventinfo/detail/88743,,2026/07/17
89292,https://www.sbbit.jp/eventinfo/detail/89292,,2026/07/17
88469,https://www.sbbit.jp/eventinfo/detail/88469,,2026/07/17
89046,https://www.sbbit.jp/eventinfo/detail/89046,,2026/07/17
89545,https://www.sbbit.jp/eventinfo/detail/89545,,2026/07/17
89236,https://www.sbbit.jp/eventinfo/detail/89236,,2026/07/17
89031,https://www.sbbit.jp/eventinfo/detail/89031,,2026/07/17
89212,https://www.sbbit.jp/eventinfo/detail/89212,,2026/07/21
89689,https://www.sbbit.jp/eventinfo/detail/89689,,2026/07/21
89399,https://www.sbbit.jp/eventinfo/detail/89399,,2026/07/21
88937,https://www.sbbit.jp/eventinfo/detail/88937,,2026/07/21
89404,https://www.sbbit.jp/eventinfo/detail/89404,,2026/07/21
89558,https://www.sbbit.jp/eventinfo/detail/89558,,2026/07/21
89293,https://www.sbbit.jp/eventinfo/detail/89293,,2026/07/21
89258,https://www.sbbit.jp/eventinfo/detail/89258,,2026/07/21
89533,https://www.sbbit.jp/eventinfo/detail/89533,,2026/07/21
89256,https://www.sbbit.jp/eventinfo/detail/89256,,2026/07/21
88955,https://www.sbbit.jp/eventinfo/detail/88955,,2026/07/21
89576,https://www.sbbit.jp/eventinfo/detail/89576,オンライン・東京都,2026/07/21
88934,https://www.sbbit.jp/eventinfo/detail/88934,,2026/07/22
89524,https://www.sbbit.jp/eventinfo/detail/89524,,2026/07/22
89401,https://www.sbbit.jp/eventinfo/detail/89401,,2026/07/22
89619,https://www.sbbit.jp/eventinfo/detail/89619,,2026/07/22
89067,https://www.sbbit.jp/eventinfo/detail/89067,,2026/07/22
88948,https://www.sbbit.jp/eventinfo/detail/88948,,2026/07/22
89509,https://www.sbbit.jp/eventinfo/detail/89509,,2026/07/22
89570,https://www.sbbit.jp/eventinfo/detail/89570,,2026/07/22
89080,https://www.sbbit.jp/eventinfo/detail/89080,,2026/07/22
89694,https://www.sbbit.jp/eventinfo/detail/89694,,2026/07/22
89642,https://www.sbbit.jp/fj/eventinfo/detail/89642,,2026/07/22
89535,https://www.sbbit.jp/eventinfo/detail/89535,,2026/07/22
89300,https://www.sbbit.jp/eventinfo/detail/89300,,2026/07/22
89065,https://www.sbbit.jp/eventinfo/detail/89065,,2026/07/22
88928,https://www.sbbit.jp/eventinfo/detail/88928,,2026/07/22
89654,https://www.sbbit.jp/eventinfo/detail/89654,,2026/07/22
89569,https://www.sbbit.jp/eventinfo/detail/89569,,2026/07/22
89484,https://www.sbbit.jp/eventinfo/detail/89484,,2026/07/22
89011,https://www.sbbit.jp/eventinfo/detail/89011,オンライン・東京都,2026/07/22
89176,https://www.sbbit.jp/eventinfo/detail/89176,,2026/07/22
89063,https://www.sbbit.jp/eventinfo/detail/89063,,2026/07/22
89429,https://www.sbbit.jp/eventinfo/detail/89429,,2026/07/22
89447,https://www.sbbit.jp/eventinfo/detail/89447,,2026/07/22
89196,https://www.sbbit.jp/eventinfo/detail/89196,,2026/07/22
89274,https://www.sbbit.jp/eventinfo/detail/89274,,2026/07/23
89092,https://www.sbbit.jp/eventinfo/detail/89092,,2026/07/23
89244,https://www.sbbit.jp/eventinfo/detail/89244,,2026/07/23
89458,https://www.sbbit.jp/eventinfo/detail/89458,,2026/07/23
89711,https://www.sbbit.jp/eventinfo/detail/89711,,2026/07/23
89336,https://www.sbbit.jp/st/eventinfo/detail/89336,,2026/07/23
89182,https://www.sbbit.jp/eventinfo/detail/89182,,2026/07/23
89133,https://www.sbbit.jp/eventinfo/detail/89133,,2026/07/23
88734,https://www.sbbit.jp/eventinfo/detail/88734,,2026/07/23
89536,https://www.sbbit.jp/eventinfo/detail/89536,,2026/07/23
89423,https://www.sbbit.jp/eventinfo/detail/89423,,2026/07/23
89561,https://www.sbbit.jp/eventinfo/detail/89561,,2026/07/23
89526,https://www.sbbit.jp/eventinfo/detail/89526,,2026/07/23
89390,https://www.sbbit.jp/eventinfo/detail/89390,,2026/07/23
89370,https://www.sbbit.jp/eventinfo/detail/89370,,2026/07/23
89094,https://www.sbbit.jp/eventinfo/detail/89094,,2026/07/23
89555,https://www.sbbit.jp/eventinfo/detail/89555,,2026/07/23
89487,https://www.sbbit.jp/eventinfo/detail/89487,,2026/07/23
89439,https://www.sbbit.jp/eventinfo/detail/89439,,2026/07/23
89416,https://www.sbbit.jp/eventinfo/detail/89416,,2026/07/23
89699,https://www.sbbit.jp/eventinfo/detail/89699,オンライン・東京都,2026/07/23
89602,https://www.sbbit.jp/eventinfo/detail/89602,,2026/07/23
89306,https://www.sbbit.jp/eventinfo/detail/89306,,2026/07/23
89734,https://www.sbbit.jp/eventinfo/detail/89734,,2026/07/24
89562,https://www.sbbit.jp/eventinfo/detail/89562,,2026/07/24
89528,https://www.sbbit.jp/eventinfo/detail/89528,,2026/07/24
89158,https://www.sbbit.jp/eventinfo/detail/89158,,2026/07/24
89139,https://www.sbbit.jp/eventinfo/detail/89139,,2026/07/24
88483,https://www.sbbit.jp/eventinfo/detail/88483,,2026/07/24
88335,https://www.sbbit.jp/eventinfo/detail/88335,,2026/07/24
89597,https://www.sbbit.jp/eventinfo/detail/89597,,2026/07/24
89087,https://www.sbbit.jp/eventinfo/detail/89087,,2026/07/24
89177,https://www.sbbit.jp/eventinfo/detail/89177,,2026/07/24
89298,https://www.sbbit.jp/eventinfo/detail/89298,,2026/07/24
89045,https://www.sbbit.jp/eventinfo/detail/89045,,2026/07/24
89323,https://www.sbbit.jp/eventinfo/detail/89323,,2026/07/24
89235,https://www.sbbit.jp/eventinfo/detail/89235,,2026/07/24
88958,https://www.sbbit.jp/eventinfo/detail/88958,,2026/07/24
89574,https://www.sbbit.jp/eventinfo/detail/89574,,2026/07/24
89479,https://www.sbbit.jp/eventinfo/detail/89479,,2026/07/24
89163,https://www.sbbit.jp/eventinfo/detail/89163,,2026/07/24
89571,https://www.sbbit.jp/eventinfo/detail/89571,,2026/07/27
89294,https://www.sbbit.jp/eventinfo/detail/89294,,2026/07/27
89424,https://www.sbbit.jp/eventinfo/detail/89424,,2026/07/27
89252,https://www.sbbit.jp/eventinfo/detail/89252,,2026/07/27
89149,https://www.sbbit.jp/eventinfo/detail/89149,,2026/07/28
88907,https://www.sbbit.jp/eventinfo/detail/88907,,2026/07/28
88832,https://www.sbbit.jp/eventinfo/detail/88832,,2026/07/28
89566,https://www.sbbit.jp/eventinfo/detail/89566,,2026/07/28
89352,https://www.sbbit.jp/eventinfo/detail/89352,,2026/07/28
89060,https://www.sbbit.jp/eventinfo/detail/89060,,2026/07/28
89707,https://www.sbbit.jp/eventinfo/detail/89707,,2026/07/28
89420,https://www.sbbit.jp/eventinfo/detail/89420,,2026/07/28
89573,https://www.sbbit.jp/eventinfo/detail/89573,,2026/07/28
88533,https://www.sbbit.jp/eventinfo/detail/88533,,2026/07/28
89567,https://www.sbbit.jp/eventinfo/detail/89567,,2026/07/28
89387,https://www.sbbit.jp/eventinfo/detail/89387,,2026/07/28
89295,https://www.sbbit.jp/eventinfo/detail/89295,,2026/07/28
89436,https://www.sbbit.jp/eventinfo/detail/89436,,2026/07/28
89445,https://www.sbbit.jp/eventinfo/detail/89445,オンライン・東京,2026/07/28
89653,https://www.sbbit.jp/eventinfo/detail/89653,,2026/07/28
89508,https://www.sbbit.jp/eventinfo/detail/89508,,2026/07/28
89486,https://www.sbbit.jp/eventinfo/detail/89486,,2026/07/28
89417,https://www.sbbit.jp/eventinfo/detail/89417,,2026/07/28
89159,https://www.sbbit.jp/eventinfo/detail/89159,,2026/07/28
89001,https://www.sbbit.jp/eventinfo/detail/89001,,2026/07/29
89587,https://www.sbbit.jp/st/eventinfo/detail/89587,,2026/07/29
89584,https://www.sbbit.jp/eventinfo/detail/89584,,2026/07/29
89538,https://www.sbbit.jp/eventinfo/detail/89538,,2026/07/29
89518,https://www.sbbit.jp/eventinfo/detail/89518,,2026/07/29
89532,https://www.sbbit.jp/eventinfo/detail/89532,,2026/07/29
89476,https://www.sbbit.jp/eventinfo/detail/89476,,2026/07/29
89510,https://www.sbbit.jp/eventinfo/detail/89510,,2026/07/29
89701,https://www.sbbit.jp/eventinfo/detail/89701,,2026/07/29
89386,https://www.sbbit.jp/eventinfo/detail/89386,,2026/07/29
89076,https://www.sbbit.jp/eventinfo/detail/89076,,2026/07/29
89710,https://www.sbbit.jp/eventinfo/detail/89710,,2026/07/29
89339,https://www.sbbit.jp/eventinfo/detail/89339,,2026/07/29
89271,https://www.sbbit.jp/eventinfo/detail/89271,,2026/07/29
89521,https://www.sbbit.jp/eventinfo/detail/89521,,2026/07/29
89485,https://www.sbbit.jp/eventinfo/detail/89485,,2026/07/29
89296,https://www.sbbit.jp/eventinfo/detail/89296,,2026/07/29
89477,https://www.sbbit.jp/eventinfo/detail/89477,,2026/07/29
89717,https://www.sbbit.jp/eventinfo/detail/89717,,2026/07/29
89578,https://www.sbbit.jp/eventinfo/detail/89578,,2026/07/29
89542,https://www.sbbit.jp/eventinfo/detail/89542,,2026/07/29
89375,https://www.sbbit.jp/eventinfo/detail/89375,,2026/07/29
89369,https://www.sbbit.jp/eventinfo/detail/89369,,2026/07/29
89239,https://www.sbbit.jp/eventinfo/detail/89239,,2026/07/29
89468,https://www.sbbit.jp/eventinfo/detail/89468,,2026/07/29
89269,https://www.sbbit.jp/fj/eventinfo/detail/89269,,2026/07/30
89585,https://www.sbbit.jp/eventinfo/detail/89585,,2026/07/30
89565,https://www.sbbit.jp/eventinfo/detail/89565,,2026/07/30
89379,https://www.sbbit.jp/eventinfo/detail/89379,,2026/07/30
89758,https://www.sbbit.jp/eventinfo/detail/89758,,2026/07/30
89588,https://www.sbbit.jp/eventinfo/detail/89588,,2026/07/30
89709,https://www.sbbit.jp/eventinfo/detail/89709,,2026/07/30
88465,https://www.sbbit.jp/eventinfo/detail/88465,,2026/07/30
89278,https://www.sbbit.jp/eventinfo/detail/89278,,2026/07/30
89730,https://www.sbbit.jp/eventinfo/detail/89730,,2026/07/30
89433,https://www.sbbit.jp/eventinfo/detail/89433,,2026/07/30
89407,https://www.sbbit.jp/eventinfo/detail/89407,,2026/07/30
89301,https://www.sbbit.jp/eventinfo/detail/89301,,2026/07/30
88736,https://www.sbbit.jp/eventinfo/detail/88736,,2026/07/30
89382,https://www.sbbit.jp/eventinfo/detail/89382,,2026/07/30
89704,https://www.sbbit.jp/eventinfo/detail/89704,,2026/07/30
89639,https://www.sbbit.jp/eventinfo/detail/89639,,2026/07/30
89441,https://www.sbbit.jp/eventinfo/detail/89441,,2026/07/30
89418,https://www.sbbit.jp/eventinfo/detail/89418,,2026/07/30
89449,https://www.sbbit.jp/eventinfo/detail/89449,,2026/07/30
89695,https://www.sbbit.jp/eventinfo/detail/89695,,2026/07/30
89702,https://www.sbbit.jp/eventinfo/detail/89702,,2026/07/30
89086,https://www.sbbit.jp/eventinfo/detail/89086,,2026/07/31
89079,https://www.sbbit.jp/eventinfo/detail/89079,,2026/07/31
89586,https://www.sbbit.jp/eventinfo/detail/89586,,2026/07/31
89606,https://www.sbbit.jp/eventinfo/detail/89606,,2026/07/31
89200,https://www.sbbit.jp/eventinfo/detail/89200,,2026/07/31
89759,https://www.sbbit.jp/eventinfo/detail/89759,,2026/07/31
89134,https://www.sbbit.jp/eventinfo/detail/89134,,2026/07/31
89275,https://www.sbbit.jp/eventinfo/detail/89275,,2026/07/31
89728,https://www.sbbit.jp/eventinfo/detail/89728,,2026/07/31
89543,https://www.sbbit.jp/eventinfo/detail/89543,,2026/07/31
89396,https://www.sbbit.jp/eventinfo/detail/89396,,2026/07/31
89297,https://www.sbbit.jp/eventinfo/detail/89297,,2026/07/31
89725,https://www.sbbit.jp/eventinfo/detail/89725,,2026/07/31
89286,https://www.sbbit.jp/fj/eventinfo/detail/89286,オンライン・東京都,2026/07/31
89234,https://www.sbbit.jp/eventinfo/detail/89234,,2026/07/31
89277,https://www.sbbit.jp/eventinfo/detail/89277,,2026/08/01
89596,https://www.sbbit.jp/eventinfo/detail/89596,,2026/08/03
89361,https://www.sbbit.jp/eventinfo/detail/89361,,2026/08/03
89253,https://www.sbbit.jp/eventinfo/detail/89253,,2026/08/03
89643,https://www.sbbit.jp/eventinfo/detail/89643,,2026/08/04
89405,https://www.sbbit.jp/eventinfo/detail/89405,,2026/08/04
89225,https://www.sbbit.jp/eventinfo/detail/89225,,2026/08/04
89697,https://www.sbbit.jp/eventinfo/detail/89697,,2026/08/04
89604,https://www.sbbit.jp/eventinfo/detail/89604,,2026/08/04
89345,https://www.sbbit.jp/eventinfo/detail/89345,,2026/08/04
89675,https://www.sbbit.jp/eventinfo/detail/89675,,2026/08/04
89738,https://www.sbbit.jp/eventinfo/detail/89738,,2026/08/04
89712,https://www.sbbit.jp/eventinfo/detail/89712,,2026/08/04
89700,https://www.sbbit.jp/eventinfo/detail/89700,,2026/08/04
89511,https://www.sbbit.jp/eventinfo/detail/89511,,2026/08/04
89696,https://www.sbbit.jp/eventinfo/detail/89696,,2026/08/04
89601,https://www.sbbit.jp/eventinfo/detail/89601,,2026/08/04
89255,https://www.sbbit.jp/eventinfo/detail/89255,,2026/08/04
88916,https://www.sbbit.jp/eventinfo/detail/88916,,2026/08/04
89480,https://www.sbbit.jp/eventinfo/detail/89480,,2026/08/04
89557,https://www.sbbit.jp/st/eventinfo/detail/89557,,2026/08/05
89513,https://www.sbbit.jp/eventinfo/detail/89513,,2026/08/05
89655,https://www.sbbit.jp/eventinfo/detail/89655,,2026/08/05
89729,https://www.sbbit.jp/eventinfo/detail/89729,,2026/08/05
89506,https://www.sbbit.jp/eventinfo/detail/89506,,2026/08/05
89451,https://www.sbbit.jp/eventinfo/detail/89451,,2026/08/05
89527,https://www.sbbit.jp/eventinfo/detail/89527,,2026/08/05
89492,https://www.sbbit.jp/eventinfo/detail/89492,,2026/08/05
89047,https://www.sbbit.jp/eventinfo/detail/89047,,2026/08/05
89175,https://www.sbbit.jp/eventinfo/detail/89175,,2026/08/05
89603,https://www.sbbit.jp/eventinfo/detail/89603,,2026/08/05
89504,https://www.sbbit.jp/eventinfo/detail/89504,,2026/08/05
89564,https://www.sbbit.jp/eventinfo/detail/89564,,2026/08/05
89732,https://www.sbbit.jp/eventinfo/detail/89732,,2026/08/05
89496,https://www.sbbit.jp/eventinfo/detail/89496,,2026/08/05
89726,https://www.sbbit.jp/eventinfo/detail/89726,,2026/08/05
89502,https://www.sbbit.jp/eventinfo/detail/89502,,2026/08/05
89238,https://www.sbbit.jp/eventinfo/detail/89238,,2026/08/05
89680,https://www.sbbit.jp/eventinfo/detail/89680,,2026/08/05
89383,https://www.sbbit.jp/eventinfo/detail/89383,,2026/08/05
89593,https://www.sbbit.jp/eventinfo/detail/89593,,2026/08/06
89690,https://www.sbbit.jp/eventinfo/detail/89690,,2026/08/06
89657,https://www.sbbit.jp/eventinfo/detail/89657,,2026/08/06
89473,https://www.sbbit.jp/eventinfo/detail/89473,,2026/08/06
89245,https://www.sbbit.jp/eventinfo/detail/89245,,2026/08/06
89605,https://www.sbbit.jp/eventinfo/detail/89605,,2026/08/06
89285,https://www.sbbit.jp/eventinfo/detail/89285,,2026/08/06
89636,https://www.sbbit.jp/eventinfo/detail/89636,,2026/08/06
89743,https://www.sbbit.jp/eventinfo/detail/89743,,2026/08/06
89727,https://www.sbbit.jp/eventinfo/detail/89727,,2026/08/06
89713,https://www.sbbit.jp/eventinfo/detail/89713,,2026/08/06
89705,https://www.sbbit.jp/eventinfo/detail/89705,,2026/08/06
89658,https://www.sbbit.jp/eventinfo/detail/89658,,2026/08/06
89512,https://www.sbbit.jp/eventinfo/detail/89512,,2026/08/06
89568,https://www.sbbit.jp/st/eventinfo/detail/89568,,2026/08/06
89537,https://www.sbbit.jp/eventinfo/detail/89537,,2026/08/06
89440,https://www.sbbit.jp/eventinfo/detail/89440,,2026/08/06
89056,https://www.sbbit.jp/eventinfo/detail/89056,オンライン・東京都,2026/08/06
89310,https://www.sbbit.jp/eventinfo/detail/89310,,2026/08/06
89691,https://www.sbbit.jp/eventinfo/detail/89691,,2026/08/07
89549,https://www.sbbit.jp/eventinfo/detail/89549,,2026/08/07
89714,https://www.sbbit.jp/eventinfo/detail/89714,,2026/08/07
89233,https://www.sbbit.jp/eventinfo/detail/89233,,2026/08/07
89552,https://www.sbbit.jp/eventinfo/detail/89552,,2026/08/07
89624,https://www.sbbit.jp/eventinfo/detail/89624,,2026/08/10
89633,https://www.sbbit.jp/eventinfo/detail/89633,,2026/08/12
89581,https://www.sbbit.jp/eventinfo/detail/89581,,2026/08/18
89350,https://www.sbbit.jp/eventinfo/detail/89350,,2026/08/18
89652,https://www.sbbit.jp/eventinfo/detail/89652,,2026/08/18
89600,https://www.sbbit.jp/eventinfo/detail/89600,,2026/08/18
89553,https://www.sbbit.jp/eventinfo/detail/89553,,2026/08/18
89408,https://www.sbbit.jp/eventinfo/detail/89408,,2026/08/18
89617,https://www.sbbit.jp/eventinfo/detail/89617,,2026/08/19
89529,https://www.sbbit.jp/eventinfo/detail/89529,,2026/08/19
89427,https://www.sbbit.jp/eventinfo/detail/89427,,2026/08/19
89747,https://www.sbbit.jp/eventinfo/detail/89747,,2026/08/19
89715,https://www.sbbit.jp/eventinfo/detail/89715,,2026/08/19
89426,https://www.sbbit.jp/eventinfo/detail/89426,,2026/08/20
89209,https://www.sbbit.jp/eventinfo/detail/89209,,2026/08/20
88939,https://www.sbbit.jp/st/eventinfo/detail/88939,,2026/08/20
89500,https://www.sbbit.jp/eventinfo/detail/89500,,2026/08/20
89580,https://www.sbbit.jp/eventinfo/detail/89580,,2026/08/20
89024,https://www.sbbit.jp/eventinfo/detail/89024,,2026/08/20
89742,https://www.sbbit.jp/eventinfo/detail/89742,,2026/08/20
89608,https://www.sbbit.jp/eventinfo/detail/89608,,2026/08/20
89609,https://www.sbbit.jp/eventinfo/detail/89609,,2026/08/21
88663,https://www.sbbit.jp/eventinfo/detail/88663,,2026/08/21
89716,https://www.sbbit.jp/eventinfo/detail/89716,,2026/08/21
89703,https://www.sbbit.jp/eventinfo/detail/89703,,2026/08/21
89592,https://www.sbbit.jp/eventinfo/detail/89592,,2026/08/21
89630,https://www.sbbit.jp/eventinfo/detail/89630,,2026/08/21
89481,https://www.sbbit.jp/eventinfo/detail/89481,,2026/08/21
89554,https://www.sbbit.jp/eventinfo/detail/89554,,2026/08/24
89598,https://www.sbbit.jp/eventinfo/detail/89598,,2026/08/24
89625,https://www.sbbit.jp/eventinfo/detail/89625,,2026/08/24
89614,https://www.sbbit.jp/eventinfo/detail/89614,,2026/08/24
89750,https://www.sbbit.jp/eventinfo/detail/89750,,2026/08/25
89722,https://www.sbbit.jp/eventinfo/detail/89722,,2026/08/25
89737,https://www.sbbit.jp/eventinfo/detail/89737,,2026/08/25
