event_url,source
https://techplay.jp/event/987572,event
https://techplay.jp/event/992340,event
https://techplay.jp/event/992764,event
https://techplay.jp/event/993216,event
https://techplay.jp/event/993217,event
https://techplay.jp/event/993218,event
https://techplay.jp/event/993347,event
https://techplay.jp/event/993865,event
https://techplay.jp/event/994165,event
https://techplay.jp/event/994182,event
https://techplay.jp/event/994303,event
https://techplay.jp/event/994556,event
https://techplay.jp/event/994654,event
https://techplay.jp/event/995211,event
https://techplay.jp/event/995359,event
https://techplay.jp/event/995362,event
https://techplay.jp/event/995370,event
https://techplay.jp/event/995371,event
https://techplay.jp/event/995374,event
https://techplay.jp/event/995375,event
https://techplay.jp/event/995377,event
https://techplay.jp/event/995380,event
https://techplay.jp/event/995388,event
https://techplay.jp/event/995525,event
https://techplay.jp/event/995722,event
https://techplay.jp/event/995831,event
https://techplay.jp/event/995849,event
https://techplay.jp/event/995870,event
https://techplay.jp/event/995995,event
https://techplay.jp/event/996117,event
https://techplay.jp/event/996161,event
https://techplay.jp/event/996228,event
https://techplay.jp/event/996272,event
https://techplay.jp/event/996424,event
https://techplay.jp/event/996444,event
https://techplay.jp/event/996487,event
https://techplay.jp/event/996613,event
https://techplay.jp/event/996649,event
https://techplay.jp/event/996658,event
https://techplay.jp/event/996705,event
https://techplay.jp/event/996734,event
https://techplay.jp/event/996735,event
https://techplay.jp/event/996766,event
https://techplay.jp/event/996781,event
https://techplay.jp/event/996830,event
https://techplay.jp/event/996834,event
https://techplay.jp/event/996839,event
https://techplay.jp/event/996857,event
https://techplay.jp/event/996861,event
https://techplay.jp/event/996877,event
https://techplay.jp/event/996886,event
https://techplay.jp/event/996889,event
https://techplay.jp/event/996890,event
https://techplay.jp/event/996891,event
https://techplay.jp/event/996892,event
https://techplay.jp/event/996901,event
https://techplay.jp/event/996932,event
https://techplay.jp/event/996939,event
https://techplay.jp/event/996953,event
https://techplay.jp/event/996978,event
https://techplay.jp/event/996994,event
https://techplay.jp/event/997017,event
https://techplay.jp/event/997041,event
https://techplay.jp/event/997074,event
https://techplay.jp/event/997084,event
https://techplay.jp/event/997114,event
https://techplay.jp/event/997119,event
https://techplay.jp/event/997120,event
https://techplay.jp/event/997121,event
https://techplay.jp/event/997122,event
https://techplay.jp/event/997128,event
https://techplay.jp/event/997137,event
https://techplay.jp/event/997143,event
https://techplay.jp/event/997154,event
https://techplay.jp/event/997164,event
https://techplay.jp/event/997171,event
https://techplay.jp/event/997173,event
https://techplay.jp/event/997174,event
https://techplay.jp/event/997185,event
https://techplay.jp/event/997194,event
https://techplay.jp/event/997201,event
https://techplay.jp/event/997211,event
https://techplay.jp/event/997216,event
https://techplay.jp/event/997219,event
https://techplay.jp/event/997220,event
https://techplay.jp/event/997221,event
https://techplay.jp/event/997223,event
https://techplay.jp/event/997239,event
https://techplay.jp/event/997240,event
https://techplay.jp/event/997242,event
https://techplay.jp/event/997277,event
https://techplay.jp/event/997279,event
https://techplay.jp/event/997280,event
https://techplay.jp/event/997281,event
https://techplay.jp/event/997282,event
https://techplay.jp/event/997283,event
https://techplay.jp/event/997284,event
https://techplay.jp/event/997288,event
https://techplay.jp/event/997289,event
https://techplay.jp/event/997290,event
https://techplay.jp/event/997300,event
https://techplay.jp/event/997315,event
https://techplay.jp/event/997316,event
https://techplay.jp/event/997317,event
https://techplay.jp/event/997318,event
https://techplay.jp/event/997329,event
https://techplay.jp/event/997337,event
https://techplay.jp/event/997351,event
https://techplay.jp/event/997355,event
https://techplay.jp/event/997358,event
https://techplay.jp/event/997363,event
https://techplay.jp/event/997364,event
https://techplay.jp/event/997365,event
https://techplay.jp/event/997368,event
https://techplay.jp/event/997372,event
https://techplay.jp/event/997374,event
https://techplay.jp/event/997380,event
https://techplay.jp/event/997382,event
https://techplay.jp/event/997383,event
https://techplay.jp/event/997385,event
https://techplay.jp/event/997400,event
https://techplay.jp/event/997407,event
https://techplay.jp/event/997410,event
https://techplay.jp/event/997417,event
https://techplay.jp/event/997418,event
https://techplay.jp/event/997425,event
https://techplay.jp/event/997427,event
https://techplay.jp/event/997438,event
https://techplay.jp/event/997439,event
https://techplay.jp/event/997440,event
https://techplay.jp/event/997446,event
https://techplay.jp/event/997458,event
https://techplay.jp/event/997461,event
https://techplay.jp/event/997463,event
https://techplay.jp/event/997465,event
https://techplay.jp/event/997472,event
https://techplay.jp/event/997474,event
https://techplay.jp/event/997480,event
https://techplay.jp/event/997481,event
https://techplay.jp/event/997483,event
https://techplay.jp/event/997484,event
https://techplay.jp/event/997485,event
https://techplay.jp/event/997486,event
https://techplay.jp/event/997490,event
https://techplay.jp/event/997509,event
https://techplay.jp/event/997521,event
https://techplay.jp/event/997530,event
https://techplay.jp/event/997534,event
https://techplay.jp/event/997536,event
https://techplay.jp/event/997537,event
https://techplay.jp/event/997538,event
https://techplay.jp/event/997539,event
https://techplay.jp/event/997541,event
https://techplay.jp/event/997544,event
https://techplay.jp/event/997548,event
https://techplay.jp/event/997552,event
https://techplay.jp/event/997559,event
https://techplay.jp/event/997560,event
https://techplay.jp/event/997561,event
https://techplay.jp/event/997562,event
https://techplay.jp/event/997563,event
https://techplay.jp/event/997572,event
https://techplay.jp/event/997583,event
https://techplay.jp/event/997591,event
https://techplay.jp/event/997592,event
https://techplay.jp/event/997593,event
https://techplay.jp/event/997599,event
https://techplay.jp/event/997601,event
https://techplay.jp/event/997602,event
https://techplay.jp/event/997604,event
https://techplay.jp/event/997605,event
https://techplay.jp/event/997606,event
https://techplay.jp/event/997607,event
https://techplay.jp/event/997608,event
https://techplay.jp/event/997609,event
https://techplay.jp/event/997613,event
https://techplay.jp/event/997614,event
https://techplay.jp/event/997616,event
https://techplay.jp/event/997617,event
https://techplay.jp/event/997618,event
https://techplay.jp/event/997619,event
https://techplay.jp/event/997624,event
https://techplay.jp/event/997625,event
https://techplay.jp/event/997626,event
https://techplay.jp/event/997627,event
https://techplay.jp/event/997628,event
https://techplay.jp/event/997629,event
https://techplay.jp/event/997630,event
https://techplay.jp/event/997632,event
https://techplay.jp/event/997633,event
https://techplay.jp/event/997634,event
https://techplay.jp/event/997635,event
https://techplay.jp/event/997638,event
https://techplay.jp/event/997645,event
https://techplay.jp/event/997646,event
https://techplay.jp/event/997649,event
https://techplay.jp/event/997651,event
https://techplay.jp/event/997652,event
https://techplay.jp/event/997654,event
https://techplay.jp/event/997664,event
https://techplay.jp/event/997669,event
https://techplay.jp/event/997670,event
https://techplay.jp/event/997671,event
https://techplay.jp/event/997672,event
https://techplay.jp/event/997686,event
https://techplay.jp/event/997689,event
https://techplay.jp/event/997690,event
https://techplay.jp/event/997691,event
https://techplay.jp/event/997695,event
https://techplay.jp/event/997696,event
https://techplay.jp/event/997707,event
https://techplay.jp/event/997708,event
https://techplay.jp/event/997711,event
https://techplay.jp/event/997714,event
https://techplay.jp/event/997715,event
https://techplay.jp/event/997716,event
https://techplay.jp/event/997717,event
https://techplay.jp/event/997720,event
https://techplay.jp/event/997723,event
https://techplay.jp/event/997728,event
https://techplay.jp/event/997736,event
https://techplay.jp/event/997741,event
https://techplay.jp/event/997745,event
https://techplay.jp/event/997746,event
https://techplay.jp/event/997749,event
https://techplay.jp/event/997760,event
https://techplay.jp/event/997761,event
https://techplay.jp/event/997763,event
https://techplay.jp/event/997764,event
https://techplay.jp/event/997766,event
https://techplay.jp/event/997767,event
https://techplay.jp/event/997768,event
https://techplay.jp/event/997770,event
https://techplay.jp/event/997771,event
https://techplay.jp/event/997772,event
https://techplay.jp/event/997783,event
https://techplay.jp/event/997784,event
https://techplay.jp/event/997785,event
https://techplay.jp/event/997786,event
https://techplay.jp/event/997788,event
https://techplay.jp/event/997789,event
https://techplay.jp/event/997792,event
https://techplay.jp/event/997793,event
https://techplay.jp/event/997797,event
https://techplay.jp/event/997804,event
https://techplay.jp/event/997808,event
https://techplay.jp/event/997815,event
https://techplay.jp/event/997816,event
https://techplay.jp/event/997817,event
https://techplay.jp/event/997824,event
https://techplay.jp/event/997839,event
https://techplay.jp/event/997841,event
https://techplay.jp/event/997842,event
https://techplay.jp/event/997843,event
https://techplay.jp/event/997844,event
https://techplay.jp/event/997845,event
https://techplay.jp/event/997850,event
https://techplay.jp/event/997851,event
https://techplay.jp/event/997856,event
https://techplay.jp/event/997861,event
https://techplay.jp/event/997862,event
https://techplay.jp/event/997864,event
https://techplay.jp/event/997865,event
https://techplay.jp/event/997866,event
https://techplay.jp/event/997867,event
https://techplay.jp/event/997868,event
https://techplay.jp/event/997869,event
https://techplay.jp/event/997872,event
https://techplay.jp/event/997875,event
https://techplay.jp/event/997878,event
https://techplay.jp/event/997881,event
https://techplay.jp/event/997883,event
https://techplay.jp/event/997887,event
https://techplay.jp/event/997888,event
https://techplay.jp/event/997898,event
https://techplay.jp/event/997900,event
https://techplay.jp/event/997906,event
https://techplay.jp/event/997907,event
https://techplay.jp/event/997918,event
https://techplay.jp/event/997919,event
https://techplay.jp/event/997920,event
https://techplay.jp/event/997921,event
https://techplay.jp/event/997922,event
https://techplay.jp/event/997923,event
https://techplay.jp/event/997924,event
https://techplay.jp/event/997925,event
https://techplay.jp/event/997926,event
https://techplay.jp/event/997928,event
https://techplay.jp/event/997929,event
https://techplay.jp/event/997930,event
https://techplay.jp/event/997931,event
https://techplay.jp/event/997932,event
https://techplay.jp/event/997933,event
https://techplay.jp/event/997934,event
https://techplay.jp/event/997936,event
https://techplay.jp/event/997937,event
https://techplay.jp/event/997938,event
https://techplay.jp/event/997939,event
https://techplay.jp/event/997940,event
https://techplay.jp/event/997944,event
https://techplay.jp/event/997948,event
https://techplay.jp/event/997950,event
https://techplay.jp/event/997951,event
https://techplay.jp/event/997952,event
https://techplay.jp/event/997953,event
https://techplay.jp/event/997954,event
https://techplay.jp/event/997958,event
https://techplay.jp/event/997959,event
https://techplay.jp/event/997962,event
https://techplay.jp/event/997965,event
https://techplay.jp/event/997969,event
https://techplay.jp/event/997970,event
https://techplay.jp/event/997971,event
https://techplay.jp/event/997972,event
https://techplay.jp/event/997976,event
https://techplay.jp/event/997981,event
https://techplay.jp/event/997983,event
https://techplay.jp/event/997984,event
https://techplay.jp/event/997985,event
https://techplay.jp/event/997986,event
https://techplay.jp/event/997987,event
https://techplay.jp/event/997988,event
https://techplay.jp/event/997989,event
https://techplay.jp/event/997990,event
https://techplay.jp/event/997991,event
https://techplay.jp/event/997992,event
https://techplay.jp/event/997993,event
https://techplay.jp/event/997994,event
https://techplay.jp/event/997996,event
https://techplay.jp/event/998004,event
https://techplay.jp/event/998006,event
https://techplay.jp/event/998007,event
https://techplay.jp/event/998013,event
https://techplay.jp/event/998015,event
https://techplay.jp/event/998016,event
https://techplay.jp/event/998017,event
https://techplay.jp/event/998018,event
https://techplay.jp/event/998019,event
https://techplay.jp/event/998023,event
https://techplay.jp/event/998026,event
https://techplay.jp/event/998027,event
https://techplay.jp/event/998028,event
https://techplay.jp/event/998029,event
https://techplay.jp/event/998031,event
https://techplay.jp/event/998049,event
https://techplay.jp/event/998054,event
https://techplay.jp/event/998055,event
https://techplay.jp/event/998056,event
https://techplay.jp/event/998057,event
https://techplay.jp/event/998059,event
https://techplay.jp/event/998060,event
https://techplay.jp/event/998061,event
https://techplay.jp/event/998062,event
https://techplay.jp/event/998067,event
https://techplay.jp/event/998070,event
https://techplay.jp/event/998071,event
https://techplay.jp/event/998073,event
https://techplay.jp/event/998074,event
https://techplay.jp/event/998077,event
https://techplay.jp/event/998079,event
https://techplay.jp/event/998080,event
https://techplay.jp/event/998083,event
https://techplay.jp/event/998084,event
https://techplay.jp/event/998088,event
https://techplay.jp/event/998089,event
https://techplay.jp/event/998090,event
https://techplay.jp/event/998091,event
https://techplay.jp/event/998092,event
https://techplay.jp/event/998093,event
https://techplay.jp/event/998094,event
https://techplay.jp/event/998103,event
https://techplay.jp/event/998104,event
https://techplay.jp/event/998105,event
https://techplay.jp/event/998106,event
https://techplay.jp/event/998110,event
https://techplay.jp/event/998111,event
https://techplay.jp/event/998114,event
https://techplay.jp/event/998115,event
https://techplay.jp/event/998116,event
https://techplay.jp/event/998117,event
https://techplay.jp/event/998118,event
https://techplay.jp/event/998120,event
https://techplay.jp/event/998121,event
https://techplay.jp/event/998122,event
https://techplay.jp/event/998123,event
https://techplay.jp/event/998124,event
https://techplay.jp/event/998125,event
https://techplay.jp/event/998128,event
https://techplay.jp/event/998129,event
https://techplay.jp/event/998130,event
https://techplay.jp/event/998131,event
https://techplay.jp/event/998133,event
https://techplay.jp/event/998134,event
https://techplay.jp/event/998135,event
https://techplay.jp/event/998136,event
https://techplay.jp/event/998137,event
https://techplay.jp/event/998138,event
https://techplay.jp/event/998142,event
https://techplay.jp/event/998144,event
https://techplay.jp/event/998145,event
https://techplay.jp/event/998146,event
https://techplay.jp/event/998147,event
https://techplay.jp/event/998148,event
https://techplay.jp/event/998150,event
https://techplay.jp/event/998151,event
https://techplay.jp/event/998152,event
https://techplay.jp/event/998153,event
https://techplay.jp/event/998157,event
https://techplay.jp/event/998160,event
https://techplay.jp/event/998161,event
https://techplay.jp/event/998162,event
https://techplay.jp/event/998163,event
https://techplay.jp/event/998164,event
https://techplay.jp/event/998165,event
https://techplay.jp/event/998166,event
https://techplay.jp/event/998167,event
https://techplay.jp/event/998169,event
https://techplay.jp/event/998175,event
https://techplay.jp/event/998176,event
https://techplay.jp/event/998177,event
https://techplay.jp/event/998179,event
https://techplay.jp/event/998181,event
https://techplay.jp/event/998182,event
https://techplay.jp/event/998183,event
https://techplay.jp/event/998187,event
https://techplay.jp/event/998194,event
https://techplay.jp/event/998195,event
https://techplay.jp/event/998196,event
https://techplay.jp/event/998197,event
https://techplay.jp/event/998201,event
https://techplay.jp/event/998202,event
https://techplay.jp/event/998203,event
https://techplay.jp/event/998204,event
https://techplay.jp/event/998205,event
https://techplay.jp/event/998207,event
https://techplay.jp/event/998208,event
https://techplay.jp/event/998209,event
https://techplay.jp/event/998212,event
https://techplay.jp/event/998213,event
https://techplay.jp/event/998214,event
https://techplay.jp/event/998215,event
https://techplay.jp/event/998216,event
https://techplay.jp/event/998217,event
https://techplay.jp/event/998221,event
https://techplay.jp/event/998222,event
https://techplay.jp/event/998225,event
https://techplay.jp/event/998226,event
https://techplay.jp/event/998234,event
https://techplay.jp/event/998236,event
https://techplay.jp/event/998237,event
https://techplay.jp/event/998238,event
https://techplay.jp/event/998239,event
https://techplay.jp/event/998247,event
https://techplay.jp/event/998248,event
https://techplay.jp/event/998251,event
https://techplay.jp/event/998252,event
https://techplay.jp/event/998265,event
https://techplay.jp/event/998266,event
https://techplay.jp/event/998267,event
https://techplay.jp/event/998268,event
https://techplay.jp/event/998269,event
https://techplay.jp/event/998270,event
https://techplay.jp/event/998271,event
https://techplay.jp/event/998272,event
https://techplay.jp/event/998274,event
https://techplay.jp/event/998276,event
https://techplay.jp/event/998281,event
https://techplay.jp/event/998282,event
https://techplay.jp/event/998283,event
https://techplay.jp/event/998286,event
https://techplay.jp/event/998289,event
https://techplay.jp/event/998293,event
https://techplay.jp/event/998300,event
https://techplay.jp/event/998301,event
https://techplay.jp/event/998304,event
https://techplay.jp/event/998305,event
https://techplay.jp/event/998306,event
https://techplay.jp/event/998307,event
https://techplay.jp/event/998308,event
https://techplay.jp/event/998309,event
https://techplay.jp/event/998310,event
https://techplay.jp/event/998314,event
https://techplay.jp/event/998315,event
https://techplay.jp/event/998317,event
https://techplay.jp/event/998318,event
https://techplay.jp/event/998319,event
https://techplay.jp/event/998322,event
https://techplay.jp/event/998328,event
https://techplay.jp/event/998329,event
https://techplay.jp/event/998331,event
https://techplay.jp/event/998333,event
https://techplay.jp/event/998336,event
https://techplay.jp/event/998338,event
https://techplay.jp/event/998343,event
https://techplay.jp/event/998345,event
https://techplay.jp/event/998348,event
https://techplay.jp/event/998351,event
https://techplay.jp/event/998356,event
https://techplay.jp/event/998358,event
https://techplay.jp/event/998361,event
https://techplay.jp/event/998362,event
https://techplay.jp/event/998363,event
https://techplay.jp/event/998365,event
https://techplay.jp/event/998366,event
https://techplay.jp/event/998367,event
https://techplay.jp/event/998368,event
https://techplay.jp/event/998370,event
https://techplay.jp/event/998371,event
https://techplay.jp/event/998372,event
https://techplay.jp/event/998373,event
https://techplay.jp/event/998375,event
https://techplay.jp/event/998376,event
https://techplay.jp/event/998377,event
https://techplay.jp/event/998378,event
https://techplay.jp/event/998379,event
https://techplay.jp/event/998384,event
https://techplay.jp/event/998385,event
https://techplay.jp/event/998386,event
https://techplay.jp/event/998387,event
https://techplay.jp/event/998390,event
