media,article_url
MarkeZine,https://markezine.jp/article/detail/46598
MarkeZine,https://markezine.jp/article/detail/48994
MarkeZine,https://markezine.jp/article/detail/49913
MarkeZine,https://markezine.jp/article/detail/50012
MarkeZine,https://markezine.jp/article/detail/50452
MarkeZine,https://markezine.jp/article/detail/50484
MarkeZine,https://markezine.jp/article/detail/50695
MarkeZine,https://markezine.jp/article/detail/50696
MarkeZine,https://markezine.jp/article/detail/50732
MarkeZine,https://markezine.jp/article/detail/50736
MarkeZine,https://markezine.jp/article/detail/50747
MarkeZine,https://markezine.jp/article/detail/50749
MarkeZine,https://markezine.jp/article/detail/50760
MarkeZine,https://markezine.jp/article/detail/50762
MarkeZine,https://markezine.jp/article/detail/50763
MarkeZine,https://markezine.jp/article/detail/50764
MarkeZine,https://markezine.jp/article/detail/50765
MarkeZine,https://markezine.jp/article/detail/50766
MarkeZine,https://markezine.jp/article/detail/50780
MarkeZine,https://markezine.jp/article/detail/50781
MarkeZine,https://markezine.jp/article/detail/50782
MarkeZine,https://markezine.jp/article/detail/50786
MarkeZine,https://markezine.jp/article/detail/50791
MarkeZine,https://markezine.jp/article/detail/50816
MarkeZine,https://markezine.jp/article/detail/50818
MarkeZine,https://markezine.jp/article/detail/50820
MarkeZine,https://markezine.jp/article/detail/50821
MarkeZine,https://markezine.jp/article/detail/50822
MarkeZine,https://markezine.jp/article/detail/50824
MarkeZine,https://markezine.jp/article/detail/50825
MarkeZine,https://markezine.jp/article/detail/50826
MarkeZine,https://markezine.jp/article/detail/50827
MarkeZine,https://markezine.jp/article/detail/50828
MarkeZine,https://markezine.jp/article/detail/50829
MarkeZine,https://markezine.jp/article/detail/50834
MarkeZine,https://markezine.jp/article/detail/50835
MarkeZine,https://markezine.jp/article/detail/50839
MarkeZine,https://markezine.jp/article/detail/50846
MarkeZine,https://markezine.jp/article/detail/50860
MarkeZine,https://markezine.jp/article/detail/50861
MarkeZine,https://markezine.jp/article/detail/50865
MarkeZine,https://markezine.jp/article/detail/50867
MarkeZine,https://markezine.jp/article/detail/50868
MarkeZine,https://markezine.jp/article/detail/50870
MarkeZine,https://markezine.jp/article/detail/50871
MarkeZine,https://markezine.jp/article/detail/50874
MarkeZine,https://markezine.jp/article/detail/50877
MarkeZine,https://markezine.jp/article/detail/50878
MarkeZine,https://markezine.jp/article/detail/50884
MarkeZine,https://markezine.jp/article/detail/53206
MarkeZine,https://markezine.jp/article/detail/53228
MarkeZine,https://markezine.jp/article/detail/53229
MarkeZine,https://markezine.jp/article/detail/59201
MarkeZine,https://markezine.jp/article/detail/76942
MarkeZine,https://markezine.jp/article/detail/76947
MarkeZine,https://markezine.jp/article/detail/76949
MarkeZine,https://markezine.jp/article/detail/76955
MarkeZine,https://markezine.jp/article/detail/76969
MarkeZine,https://markezine.jp/article/detail/76975
MarkeZine,https://markezine.jp/article/detail/76976
MarkeZine,https://markezine.jp/article/detail/76977
MarkeZine,https://markezine.jp/article/detail/76978
MarkeZine,https://markezine.jp/article/detail/76980
MarkeZine,https://markezine.jp/article/detail/76981
MarkeZine,https://markezine.jp/article/detail/76984
MarkeZine,https://markezine.jp/article/detail/76987
MarkeZine,https://markezine.jp/article/detail/76988
MarkeZine,https://markezine.jp/article/detail/76989
MarkeZine,https://markezine.jp/article/detail/76990
MarkeZine,https://markezine.jp/article/detail/76991
MarkeZine,https://markezine.jp/article/detail/76996
MarkeZine,https://markezine.jp/article/detail/76999
MarkeZine,https://markezine.jp/article/detail/77004
MarkeZine,https://markezine.jp/article/detail/77019
MarkeZine,https://markezine.jp/article/detail/77020
MarkeZine,https://markezine.jp/article/detail/77026
MarkeZine,https://markezine.jp/article/detail/77031
MarkeZine,https://markezine.jp/article/detail/77034
MarkeZine,https://markezine.jp/article/detail/77045
MarkeZine,https://markezine.jp/article/detail/77048
MarkeZine,https://markezine.jp/article/detail/77050
MarkeZine,https://markezine.jp/article/detail/77052
MarkeZine,https://markezine.jp/article/detail/77057
MarkeZine,https://markezine.jp/article/detail/77069
MarkeZine,https://markezine.jp/article/detail/77072
MarkeZine,https://markezine.jp/article/detail/77086
MarkeZine,https://markezine.jp/article/detail/77093
MarkeZine,https://markezine.jp/article/detail/77103
MarkeZine,https://markezine.jp/article/detail/77106
MarkeZine,https://markezine.jp/article/detail/77113
MarkeZine,https://markezine.jp/article/detail/77127
MarkeZine,https://markezine.jp/article/detail/77130
MarkeZine,https://markezine.jp/article/detail/77146
MarkeZine,https://markezine.jp/article/detail/77147
MarkeZine,https://markezine.jp/article/detail/77156
MarkeZine,https://markezine.jp/article/detail/77166
MarkeZine,https://markezine.jp/article/detail/77179
EnterpriseZine,https://enterprisezine.jp/article/detail/21917
EnterpriseZine,https://enterprisezine.jp/article/detail/23683
EnterpriseZine,https://enterprisezine.jp/article/detail/23846
EnterpriseZine,https://enterprisezine.jp/article/detail/24057
EnterpriseZine,https://enterprisezine.jp/article/detail/24209
EnterpriseZine,https://enterprisezine.jp/article/detail/24212
EnterpriseZine,https://enterprisezine.jp/article/detail/24213
EnterpriseZine,https://enterprisezine.jp/article/detail/24235
EnterpriseZine,https://enterprisezine.jp/article/detail/24308
EnterpriseZine,https://enterprisezine.jp/article/detail/24349
EnterpriseZine,https://enterprisezine.jp/article/detail/24362
EnterpriseZine,https://enterprisezine.jp/article/detail/24376
EnterpriseZine,https://enterprisezine.jp/article/detail/24378
EnterpriseZine,https://enterprisezine.jp/article/detail/24380
EnterpriseZine,https://enterprisezine.jp/article/detail/24381
EnterpriseZine,https://enterprisezine.jp/article/detail/24384
EnterpriseZine,https://enterprisezine.jp/article/detail/24391
EnterpriseZine,https://enterprisezine.jp/article/detail/24393
EnterpriseZine,https://enterprisezine.jp/article/detail/24397
EnterpriseZine,https://enterprisezine.jp/article/detail/24410
EnterpriseZine,https://enterprisezine.jp/article/detail/24419
EnterpriseZine,https://enterprisezine.jp/article/detail/24440
EnterpriseZine,https://enterprisezine.jp/article/detail/24451
EnterpriseZine,https://enterprisezine.jp/article/detail/24464
EnterpriseZine,https://enterprisezine.jp/article/detail/24465
EnterpriseZine,https://enterprisezine.jp/article/detail/24466
EnterpriseZine,https://enterprisezine.jp/article/detail/24468
EnterpriseZine,https://enterprisezine.jp/article/detail/24472
EnterpriseZine,https://enterprisezine.jp/article/detail/24474
EnterpriseZine,https://enterprisezine.jp/article/detail/24479
EnterpriseZine,https://enterprisezine.jp/article/detail/24486
EnterpriseZine,https://enterprisezine.jp/article/detail/24487
EnterpriseZine,https://enterprisezine.jp/article/detail/24488
EnterpriseZine,https://enterprisezine.jp/article/detail/24492
EnterpriseZine,https://enterprisezine.jp/article/detail/24495
EnterpriseZine,https://enterprisezine.jp/article/detail/24500
EnterpriseZine,https://enterprisezine.jp/article/detail/24506
EnterpriseZine,https://enterprisezine.jp/article/detail/24510
EnterpriseZine,https://enterprisezine.jp/article/detail/24514
EnterpriseZine,https://enterprisezine.jp/article/detail/24518
EnterpriseZine,https://enterprisezine.jp/article/detail/24524
EnterpriseZine,https://enterprisezine.jp/article/detail/24532
EnterpriseZine,https://enterprisezine.jp/article/detail/24539
EnterpriseZine,https://enterprisezine.jp/article/detail/24542
EnterpriseZine,https://enterprisezine.jp/article/detail/24543
EnterpriseZine,https://enterprisezine.jp/article/detail/24546
EnterpriseZine,https://enterprisezine.jp/article/detail/24559
EnterpriseZine,https://enterprisezine.jp/article/detail/24567
EnterpriseZine,https://enterprisezine.jp/article/detail/24572
EnterpriseZine,https://enterprisezine.jp/article/detail/24573
EnterpriseZine,https://enterprisezine.jp/article/detail/24574
EnterpriseZine,https://enterprisezine.jp/article/detail/24576
EnterpriseZine,https://enterprisezine.jp/article/detail/24578
EnterpriseZine,https://enterprisezine.jp/article/detail/24579
EnterpriseZine,https://enterprisezine.jp/article/detail/24596
EnterpriseZine,https://enterprisezine.jp/article/detail/24608
EnterpriseZine,https://enterprisezine.jp/article/detail/24611
EnterpriseZine,https://enterprisezine.jp/article/detail/24625
EnterpriseZine,https://enterprisezine.jp/article/detail/24642
EnterpriseZine,https://enterprisezine.jp/article/detail/24652
EnterpriseZine,https://enterprisezine.jp/article/detail/24666
EnterpriseZine,https://enterprisezine.jp/article/detail/24676
EnterpriseZine,https://enterprisezine.jp/article/detail/24702
EnterpriseZine,https://enterprisezine.jp/article/detail/24705
EnterpriseZine,https://enterprisezine.jp/article/detail/24706
EnterpriseZine,https://enterprisezine.jp/article/detail/24707
EnterpriseZine,https://enterprisezine.jp/article/detail/24708
EnterpriseZine,https://enterprisezine.jp/article/detail/24709
EnterpriseZine,https://enterprisezine.jp/article/detail/24710
EnterpriseZine,https://enterprisezine.jp/article/detail/24711
EnterpriseZine,https://enterprisezine.jp/article/detail/24712
EnterpriseZine,https://enterprisezine.jp/article/detail/24714
ECzine,https://markezine.jp/article/detail/50581
ECzine,https://markezine.jp/article/detail/75499
ECzine,https://markezine.jp/article/detail/75607
ECzine,https://markezine.jp/article/detail/75880
ECzine,https://markezine.jp/article/detail/75910
ECzine,https://markezine.jp/article/detail/76107
ECzine,https://markezine.jp/article/detail/76225
ECzine,https://markezine.jp/article/detail/76381
ECzine,https://markezine.jp/article/detail/76568
ECzine,https://markezine.jp/article/detail/76570
ECzine,https://markezine.jp/article/detail/76571
ECzine,https://markezine.jp/article/detail/76572
ECzine,https://markezine.jp/article/detail/76603
ECzine,https://markezine.jp/article/detail/76614
ECzine,https://markezine.jp/article/detail/76681
ECzine,https://markezine.jp/article/detail/76708
ECzine,https://markezine.jp/article/detail/76764
ECzine,https://markezine.jp/article/detail/76781
ECzine,https://markezine.jp/article/detail/76782
ECzine,https://markezine.jp/article/detail/76783
ECzine,https://markezine.jp/article/detail/76784
ECzine,https://markezine.jp/article/detail/76785
ECzine,https://markezine.jp/article/detail/76786
ECzine,https://markezine.jp/article/detail/76787
ECzine,https://markezine.jp/article/detail/76816
ECzine,https://markezine.jp/article/detail/76820
ECzine,https://markezine.jp/article/detail/76825
ECzine,https://markezine.jp/article/detail/76826
ECzine,https://markezine.jp/article/detail/76839
ECzine,https://markezine.jp/article/detail/76846
ECzine,https://markezine.jp/article/detail/76852
ECzine,https://markezine.jp/article/detail/76861
ECzine,https://markezine.jp/article/detail/76883
ECzine,https://markezine.jp/article/detail/76888
ECzine,https://markezine.jp/article/detail/76889
ECzine,https://markezine.jp/article/detail/76896
ECzine,https://markezine.jp/article/detail/76917
ECzine,https://markezine.jp/article/detail/76928
Biz/Zine,https://bizzine.jp/article/detail/12205
Biz/Zine,https://bizzine.jp/article/detail/12215
Biz/Zine,https://bizzine.jp/article/detail/12433
Biz/Zine,https://bizzine.jp/article/detail/12830
Biz/Zine,https://bizzine.jp/article/detail/12831
Biz/Zine,https://bizzine.jp/article/detail/12915
Biz/Zine,https://bizzine.jp/article/detail/12916
Biz/Zine,https://bizzine.jp/article/detail/12917
Biz/Zine,https://bizzine.jp/article/detail/12960
Biz/Zine,https://bizzine.jp/article/detail/12972
Biz/Zine,https://bizzine.jp/article/detail/12983
Biz/Zine,https://bizzine.jp/article/detail/12984
Biz/Zine,https://bizzine.jp/article/detail/12985
Biz/Zine,https://bizzine.jp/article/detail/13036
Biz/Zine,https://bizzine.jp/article/detail/13107
Biz/Zine,https://bizzine.jp/article/detail/13120
Biz/Zine,https://bizzine.jp/article/detail/13174
Biz/Zine,https://bizzine.jp/article/detail/13175
Biz/Zine,https://bizzine.jp/article/detail/13182
Biz/Zine,https://bizzine.jp/article/detail/13187
Biz/Zine,https://bizzine.jp/article/detail/13196
Biz/Zine,https://bizzine.jp/article/detail/13200
Biz/Zine,https://bizzine.jp/article/detail/13204
Biz/Zine,https://bizzine.jp/article/detail/13209
Biz/Zine,https://bizzine.jp/article/detail/13210
Biz/Zine,https://bizzine.jp/article/detail/13217
Biz/Zine,https://bizzine.jp/article/detail/13218
Biz/Zine,https://bizzine.jp/article/detail/13224
Biz/Zine,https://bizzine.jp/article/detail/13236
Biz/Zine,https://bizzine.jp/article/detail/13240
Biz/Zine,https://bizzine.jp/article/detail/13248
Biz/Zine,https://bizzine.jp/article/detail/13260
Biz/Zine,https://bizzine.jp/article/detail/13261
Biz/Zine,https://bizzine.jp/article/detail/13265
Biz/Zine,https://bizzine.jp/article/detail/13285
Biz/Zine,https://bizzine.jp/article/detail/13291
Biz/Zine,https://bizzine.jp/article/detail/13301
Biz/Zine,https://bizzine.jp/article/detail/13302
Biz/Zine,https://bizzine.jp/article/detail/13315
Biz/Zine,https://bizzine.jp/article/detail/13321
Biz/Zine,https://bizzine.jp/article/detail/13322
Biz/Zine,https://bizzine.jp/article/detail/13342
Biz/Zine,https://bizzine.jp/article/detail/13347
Biz/Zine,https://bizzine.jp/article/detail/13348
SalesZine,https://markezine.jp/article/detail/52803
SalesZine,https://markezine.jp/article/detail/52893
SalesZine,https://markezine.jp/article/detail/52902
SalesZine,https://markezine.jp/article/detail/52904
SalesZine,https://markezine.jp/article/detail/52907
SalesZine,https://markezine.jp/article/detail/52908
SalesZine,https://markezine.jp/article/detail/52911
SalesZine,https://markezine.jp/article/detail/52912
SalesZine,https://markezine.jp/article/detail/52915
SalesZine,https://markezine.jp/article/detail/52927
SalesZine,https://markezine.jp/article/detail/52929
SalesZine,https://markezine.jp/article/detail/52930
SalesZine,https://markezine.jp/article/detail/52936
SalesZine,https://markezine.jp/article/detail/52954
SalesZine,https://markezine.jp/article/detail/52955
SalesZine,https://markezine.jp/article/detail/52959
SalesZine,https://markezine.jp/article/detail/52962
SalesZine,https://markezine.jp/article/detail/52971
SalesZine,https://markezine.jp/article/detail/52973
SalesZine,https://markezine.jp/article/detail/52985
SalesZine,https://markezine.jp/article/detail/52989
SalesZine,https://markezine.jp/article/detail/52992
SalesZine,https://markezine.jp/article/detail/53000
SalesZine,https://markezine.jp/article/detail/53031
SalesZine,https://markezine.jp/article/detail/53045
SalesZine,https://markezine.jp/article/detail/53048
SalesZine,https://markezine.jp/article/detail/53058
SalesZine,https://markezine.jp/article/detail/53088
SalesZine,https://markezine.jp/article/detail/53089
SalesZine,https://markezine.jp/article/detail/53090
SalesZine,https://markezine.jp/article/detail/53091
SalesZine,https://markezine.jp/article/detail/53092
SalesZine,https://markezine.jp/article/detail/53093
SalesZine,https://markezine.jp/article/detail/53094
SalesZine,https://markezine.jp/article/detail/53095
SalesZine,https://markezine.jp/article/detail/53096
SalesZine,https://markezine.jp/article/detail/53097
SalesZine,https://markezine.jp/article/detail/53098
SalesZine,https://markezine.jp/article/detail/53099
SalesZine,https://markezine.jp/article/detail/53100
SalesZine,https://markezine.jp/article/detail/53102
SalesZine,https://markezine.jp/article/detail/53115
SalesZine,https://markezine.jp/article/detail/53122
SalesZine,https://markezine.jp/article/detail/53135
SalesZine,https://markezine.jp/article/detail/53143
SalesZine,https://markezine.jp/article/detail/53144
SalesZine,https://markezine.jp/article/detail/53145
SalesZine,https://markezine.jp/article/detail/53155
SalesZine,https://markezine.jp/article/detail/53156
SalesZine,https://markezine.jp/article/detail/53157
SalesZine,https://markezine.jp/article/detail/53158
SalesZine,https://markezine.jp/article/detail/53159
SalesZine,https://markezine.jp/article/detail/53160
SalesZine,https://markezine.jp/article/detail/53161
SalesZine,https://markezine.jp/article/detail/53164
SalesZine,https://markezine.jp/article/detail/53174
SalesZine,https://markezine.jp/article/detail/53186
SalesZine,https://markezine.jp/article/detail/53195
HRzine,https://hrzine.jp/article/detail/3227
HRzine,https://hrzine.jp/article/detail/3669
HRzine,https://hrzine.jp/article/detail/5666
HRzine,https://hrzine.jp/article/detail/7030
HRzine,https://hrzine.jp/article/detail/7031
HRzine,https://hrzine.jp/article/detail/7234
HRzine,https://hrzine.jp/article/detail/7310
HRzine,https://hrzine.jp/article/detail/7348
HRzine,https://hrzine.jp/article/detail/7414
HRzine,https://hrzine.jp/article/detail/7486
HRzine,https://hrzine.jp/article/detail/7487
HRzine,https://hrzine.jp/article/detail/7488
HRzine,https://hrzine.jp/article/detail/7493
HRzine,https://hrzine.jp/article/detail/7498
HRzine,https://hrzine.jp/article/detail/7499
HRzine,https://hrzine.jp/article/detail/7522
HRzine,https://hrzine.jp/article/detail/7545
HRzine,https://hrzine.jp/article/detail/7548
HRzine,https://hrzine.jp/article/detail/7551
HRzine,https://hrzine.jp/article/detail/7552
HRzine,https://hrzine.jp/article/detail/7553
HRzine,https://hrzine.jp/article/detail/7554
HRzine,https://hrzine.jp/article/detail/7555
HRzine,https://hrzine.jp/article/detail/7556
HRzine,https://hrzine.jp/article/detail/7558
HRzine,https://hrzine.jp/article/detail/7559
HRzine,https://hrzine.jp/article/detail/7560
HRzine,https://hrzine.jp/article/detail/7563
HRzine,https://hrzine.jp/article/detail/7568
HRzine,https://hrzine.jp/article/detail/7573
HRzine,https://hrzine.jp/article/detail/7574
HRzine,https://hrzine.jp/article/detail/7575
HRzine,https://hrzine.jp/article/detail/7576
HRzine,https://hrzine.jp/article/detail/7577
HRzine,https://hrzine.jp/article/detail/7578
HRzine,https://hrzine.jp/article/detail/7581
HRzine,https://hrzine.jp/article/detail/7582
HRzine,https://hrzine.jp/article/detail/7586
HRzine,https://hrzine.jp/article/detail/7605
HRzine,https://hrzine.jp/article/detail/7608
HRzine,https://hrzine.jp/article/detail/7618
HRzine,https://hrzine.jp/article/detail/7619
HRzine,https://hrzine.jp/article/detail/7624
HRzine,https://hrzine.jp/article/detail/7642
HRzine,https://hrzine.jp/article/detail/7643
HRzine,https://hrzine.jp/article/detail/7646
HRzine,https://hrzine.jp/article/detail/7667
HRzine,https://hrzine.jp/article/detail/7668
HRzine,https://hrzine.jp/article/detail/7669
HRzine,https://hrzine.jp/article/detail/7670
HRzine,https://hrzine.jp/article/detail/7671
HRzine,https://hrzine.jp/article/detail/7674
HRzine,https://hrzine.jp/article/detail/7692
HRzine,https://hrzine.jp/article/detail/7703
HRzine,https://hrzine.jp/article/detail/7712
HRzine,https://hrzine.jp/article/detail/7715
HRzine,https://hrzine.jp/article/detail/7742
HRzine,https://hrzine.jp/article/detail/7745
HRzine,https://hrzine.jp/article/detail/7750
HRzine,https://hrzine.jp/article/detail/7752
HRzine,https://hrzine.jp/article/detail/7754
HRzine,https://hrzine.jp/article/detail/7755
HRzine,https://hrzine.jp/article/detail/7756
HRzine,https://hrzine.jp/article/detail/7762
HRzine,https://hrzine.jp/article/detail/7767
HRzine,https://hrzine.jp/article/detail/7768
HRzine,https://hrzine.jp/article/detail/7773
HRzine,https://hrzine.jp/article/detail/7776
HRzine,https://hrzine.jp/article/detail/7783
HRzine,https://hrzine.jp/article/detail/7807
HRzine,https://hrzine.jp/article/detail/7816
HRzine,https://hrzine.jp/article/detail/7817
HRzine,https://hrzine.jp/article/detail/7818
HRzine,https://hrzine.jp/article/detail/7821
HRzine,https://hrzine.jp/article/detail/7824
HRzine,https://hrzine.jp/article/detail/7835
HRzine,https://hrzine.jp/article/detail/7844
HRzine,https://hrzine.jp/article/detail/7866
HRzine,https://hrzine.jp/article/detail/7869
HRzine,https://hrzine.jp/article/detail/7874
HRzine,https://hrzine.jp/article/detail/7875
HRzine,https://hrzine.jp/article/detail/7887
HRzine,https://hrzine.jp/article/detail/7899
HRzine,https://hrzine.jp/article/detail/7921
HRzine,https://hrzine.jp/article/detail/7940
HRzine,https://hrzine.jp/article/detail/7968
HRzine,https://hrzine.jp/article/detail/7969
HRzine,https://hrzine.jp/article/detail/7970
ProductZine,https://codezine.jp/article/detail/14891
ProductZine,https://codezine.jp/article/detail/23602
ProductZine,https://codezine.jp/article/detail/23686
ProductZine,https://codezine.jp/article/detail/23908
ProductZine,https://codezine.jp/article/detail/24154
ProductZine,https://codezine.jp/article/detail/24292
ProductZine,https://codezine.jp/article/detail/24343
ProductZine,https://codezine.jp/article/detail/24345
ProductZine,https://codezine.jp/article/detail/24503
ProductZine,https://codezine.jp/article/detail/24533
ProductZine,https://codezine.jp/article/detail/24578
ProductZine,https://codezine.jp/article/detail/24585
ProductZine,https://codezine.jp/article/detail/24693
ProductZine,https://codezine.jp/article/detail/24736
ProductZine,https://codezine.jp/article/detail/25962
ProductZine,https://codezine.jp/article/detail/28122
ProductZine,https://codezine.jp/article/detail/28337
ProductZine,https://codezine.jp/article/detail/28390
ProductZine,https://codezine.jp/article/detail/28414
ProductZine,https://codezine.jp/article/detail/28449
ProductZine,https://codezine.jp/article/detail/28453
ProductZine,https://codezine.jp/article/detail/28463
ProductZine,https://codezine.jp/article/detail/28471
ProductZine,https://codezine.jp/article/detail/28474
ProductZine,https://codezine.jp/article/detail/28478
ProductZine,https://codezine.jp/article/detail/28486
ProductZine,https://codezine.jp/article/detail/28533
ProductZine,https://codezine.jp/article/detail/28534
ProductZine,https://codezine.jp/article/detail/28538
ProductZine,https://codezine.jp/article/detail/28545
ProductZine,https://codezine.jp/article/detail/28553
ProductZine,https://codezine.jp/article/detail/28554
ProductZine,https://codezine.jp/article/detail/28555
ProductZine,https://codezine.jp/article/detail/28556
ProductZine,https://codezine.jp/article/detail/28563
ProductZine,https://codezine.jp/article/detail/28564
ProductZine,https://codezine.jp/article/detail/28565
ProductZine,https://codezine.jp/article/detail/28578
ProductZine,https://codezine.jp/article/detail/28591
ProductZine,https://codezine.jp/article/detail/28592
ProductZine,https://codezine.jp/article/detail/28594
ProductZine,https://codezine.jp/article/detail/28600
ProductZine,https://codezine.jp/article/detail/28607
ProductZine,https://codezine.jp/article/detail/28626
ProductZine,https://codezine.jp/article/detail/28633
ProductZine,https://codezine.jp/article/detail/28646
ProductZine,https://codezine.jp/article/detail/28660
ProductZine,https://codezine.jp/article/detail/28666
ProductZine,https://codezine.jp/article/detail/28672
ProductZine,https://codezine.jp/article/detail/28675
ProductZine,https://codezine.jp/article/detail/28685
ProductZine,https://codezine.jp/article/detail/28692
ProductZine,https://codezine.jp/article/detail/28693
ProductZine,https://codezine.jp/article/detail/28694
ProductZine,https://codezine.jp/article/detail/28701
ProductZine,https://codezine.jp/article/detail/28723
ProductZine,https://codezine.jp/article/detail/28737
ProductZine,https://codezine.jp/article/detail/28740
ProductZine,https://codezine.jp/article/detail/28741
ProductZine,https://codezine.jp/article/detail/28749
ProductZine,https://codezine.jp/article/detail/28775
ProductZine,https://codezine.jp/article/detail/28776
ProductZine,https://codezine.jp/article/detail/28783
ProductZine,https://codezine.jp/article/detail/28784
ProductZine,https://codezine.jp/article/detail/28791
ProductZine,https://codezine.jp/article/detail/28795
ProductZine,https://codezine.jp/article/detail/28796
ProductZine,https://codezine.jp/article/detail/28875
ProductZine,https://codezine.jp/article/detail/28932
ProductZine,https://codezine.jp/article/detail/28981
AIdiver,https://aidiver.jp/article/detail/216
AIdiver,https://aidiver.jp/article/detail/231
AIdiver,https://aidiver.jp/article/detail/316
AIdiver,https://aidiver.jp/article/detail/323
AIdiver,https://aidiver.jp/article/detail/336
AIdiver,https://aidiver.jp/article/detail/337
AIdiver,https://aidiver.jp/article/detail/345
AIdiver,https://aidiver.jp/article/detail/352
AIdiver,https://aidiver.jp/article/detail/360
AIdiver,https://aidiver.jp/article/detail/363
AIdiver,https://aidiver.jp/article/detail/372
AIdiver,https://aidiver.jp/article/detail/376
AIdiver,https://aidiver.jp/article/detail/379
AIdiver,https://aidiver.jp/article/detail/381
AIdiver,https://aidiver.jp/article/detail/399
AIdiver,https://aidiver.jp/article/detail/417
AIdiver,https://aidiver.jp/article/detail/432
AIdiver,https://aidiver.jp/article/detail/437
AIdiver,https://aidiver.jp/article/detail/441
AIdiver,https://aidiver.jp/article/detail/447
AIdiver,https://aidiver.jp/article/detail/448
AIdiver,https://aidiver.jp/article/detail/453
AIdiver,https://aidiver.jp/article/detail/454
AIdiver,https://aidiver.jp/article/detail/455
AIdiver,https://aidiver.jp/article/detail/457
AIdiver,https://aidiver.jp/article/detail/461
AIdiver,https://aidiver.jp/article/detail/464
AIdiver,https://aidiver.jp/article/detail/465
AIdiver,https://aidiver.jp/article/detail/467
AIdiver,https://aidiver.jp/article/detail/474
AIdiver,https://aidiver.jp/article/detail/480
AIdiver,https://aidiver.jp/article/detail/482
AIdiver,https://aidiver.jp/article/detail/484
AIdiver,https://aidiver.jp/article/detail/485
AIdiver,https://aidiver.jp/article/detail/488
AIdiver,https://aidiver.jp/article/detail/489
AIdiver,https://aidiver.jp/article/detail/490
AIdiver,https://aidiver.jp/article/detail/491
AIdiver,https://aidiver.jp/article/detail/492
AIdiver,https://aidiver.jp/article/detail/502
AIdiver,https://aidiver.jp/article/detail/503
AIdiver,https://aidiver.jp/article/detail/505
AIdiver,https://aidiver.jp/article/detail/506
AIdiver,https://aidiver.jp/article/detail/508
AIdiver,https://aidiver.jp/article/detail/509
AIdiver,https://aidiver.jp/article/detail/510
AIdiver,https://aidiver.jp/article/detail/512
AIdiver,https://aidiver.jp/article/detail/515
AIdiver,https://aidiver.jp/article/detail/516
AIdiver,https://aidiver.jp/article/detail/518
AIdiver,https://aidiver.jp/article/detail/519
AIdiver,https://aidiver.jp/article/detail/527
AIdiver,https://aidiver.jp/article/detail/528
AIdiver,https://aidiver.jp/article/detail/529
AIdiver,https://aidiver.jp/article/detail/532
AIdiver,https://aidiver.jp/article/detail/533
AIdiver,https://aidiver.jp/article/detail/535
AIdiver,https://aidiver.jp/article/detail/537
AIdiver,https://aidiver.jp/article/detail/542
AIdiver,https://aidiver.jp/article/detail/545
AIdiver,https://aidiver.jp/article/detail/550
AIdiver,https://aidiver.jp/article/detail/551
AIdiver,https://aidiver.jp/article/detail/564
AIdiver,https://aidiver.jp/article/detail/572
AIdiver,https://aidiver.jp/article/detail/573
AIdiver,https://aidiver.jp/article/detail/576
AIdiver,https://aidiver.jp/article/detail/579
AIdiver,https://aidiver.jp/article/detail/581
AIdiver,https://aidiver.jp/article/detail/582
AIdiver,https://aidiver.jp/article/detail/584
AIdiver,https://aidiver.jp/article/detail/588
AIdiver,https://aidiver.jp/article/detail/590
AIdiver,https://aidiver.jp/article/detail/591
AIdiver,https://aidiver.jp/article/detail/592
AIdiver,https://aidiver.jp/article/detail/593
AIdiver,https://aidiver.jp/article/detail/602
AIdiver,https://aidiver.jp/article/detail/603
AIdiver,https://aidiver.jp/article/detail/604
AIdiver,https://aidiver.jp/article/detail/630
AIdiver,https://aidiver.jp/article/detail/632
AIdiver,https://aidiver.jp/article/detail/633
AIdiver,https://aidiver.jp/article/detail/634
AIdiver,https://aidiver.jp/article/detail/636
DeveloperZine,https://codezine.jp/article/detail/22032
DeveloperZine,https://codezine.jp/article/detail/22699
DeveloperZine,https://codezine.jp/article/detail/22743
DeveloperZine,https://codezine.jp/article/detail/22892
DeveloperZine,https://codezine.jp/article/detail/22893
DeveloperZine,https://codezine.jp/article/detail/22925
DeveloperZine,https://codezine.jp/article/detail/22942
DeveloperZine,https://codezine.jp/article/detail/23022
DeveloperZine,https://codezine.jp/article/detail/23023
DeveloperZine,https://codezine.jp/article/detail/23068
DeveloperZine,https://codezine.jp/article/detail/23105
DeveloperZine,https://codezine.jp/article/detail/23128
DeveloperZine,https://codezine.jp/article/detail/23168
DeveloperZine,https://codezine.jp/article/detail/23213
DeveloperZine,https://codezine.jp/article/detail/23366
DeveloperZine,https://codezine.jp/article/detail/23421
DeveloperZine,https://codezine.jp/article/detail/23422
DeveloperZine,https://codezine.jp/article/detail/23445
DeveloperZine,https://codezine.jp/article/detail/23446
DeveloperZine,https://codezine.jp/article/detail/23468
DeveloperZine,https://codezine.jp/article/detail/23469
DeveloperZine,https://codezine.jp/article/detail/23470
DeveloperZine,https://codezine.jp/article/detail/23476
DeveloperZine,https://codezine.jp/article/detail/23484
DeveloperZine,https://codezine.jp/article/detail/23489
DeveloperZine,https://codezine.jp/article/detail/23514
DeveloperZine,https://codezine.jp/article/detail/23515
DeveloperZine,https://codezine.jp/article/detail/23519
DeveloperZine,https://codezine.jp/article/detail/23520
DeveloperZine,https://codezine.jp/article/detail/23521
DeveloperZine,https://codezine.jp/article/detail/23534
DeveloperZine,https://codezine.jp/article/detail/23535
DeveloperZine,https://codezine.jp/article/detail/23536
DeveloperZine,https://codezine.jp/article/detail/23537
DeveloperZine,https://codezine.jp/article/detail/23545
DeveloperZine,https://codezine.jp/article/detail/23555
DeveloperZine,https://codezine.jp/article/detail/23556
DeveloperZine,https://codezine.jp/article/detail/23557
DeveloperZine,https://codezine.jp/article/detail/23572
DeveloperZine,https://codezine.jp/article/detail/23578
DeveloperZine,https://codezine.jp/article/detail/23603
DeveloperZine,https://codezine.jp/article/detail/23604
DeveloperZine,https://codezine.jp/article/detail/23605
DeveloperZine,https://codezine.jp/article/detail/23620
DeveloperZine,https://codezine.jp/article/detail/23621
DeveloperZine,https://codezine.jp/article/detail/23623
DeveloperZine,https://codezine.jp/article/detail/23624
DeveloperZine,https://codezine.jp/article/detail/23625
DeveloperZine,https://codezine.jp/article/detail/23626
DeveloperZine,https://codezine.jp/article/detail/23632
DeveloperZine,https://codezine.jp/article/detail/23659
DeveloperZine,https://codezine.jp/article/detail/23660
DeveloperZine,https://codezine.jp/article/detail/23661
DeveloperZine,https://codezine.jp/article/detail/23664
DeveloperZine,https://codezine.jp/article/detail/23665
DeveloperZine,https://codezine.jp/article/detail/23666
DeveloperZine,https://codezine.jp/article/detail/23667
DeveloperZine,https://codezine.jp/article/detail/23668
DeveloperZine,https://codezine.jp/article/detail/23674
DeveloperZine,https://codezine.jp/article/detail/23675
DeveloperZine,https://codezine.jp/article/detail/23698
DeveloperZine,https://codezine.jp/article/detail/23708
DeveloperZine,https://codezine.jp/article/detail/23709
DeveloperZine,https://codezine.jp/article/detail/23731
DeveloperZine,https://codezine.jp/article/detail/23768
DeveloperZine,https://codezine.jp/article/detail/23785
DeveloperZine,https://codezine.jp/article/detail/23786
DeveloperZine,https://codezine.jp/article/detail/23787
DeveloperZine,https://codezine.jp/article/detail/23809
DeveloperZine,https://codezine.jp/article/detail/23836
DeveloperZine,https://codezine.jp/article/detail/23847
DeveloperZine,https://codezine.jp/article/detail/23911
DeveloperZine,https://codezine.jp/article/detail/23924
DeveloperZine,https://codezine.jp/article/detail/23954
DeveloperZine,https://codezine.jp/article/detail/23955
DeveloperZine,https://codezine.jp/article/detail/24003
DeveloperZine,https://codezine.jp/article/detail/24013
DeveloperZine,https://codezine.jp/article/detail/24022
DeveloperZine,https://codezine.jp/article/detail/24084
DeveloperZine,https://codezine.jp/article/detail/24086
DeveloperZine,https://codezine.jp/article/detail/24147
DeveloperZine,https://codezine.jp/article/detail/24187
DeveloperZine,https://codezine.jp/article/detail/24188
DeveloperZine,https://codezine.jp/article/detail/24197
DeveloperZine,https://codezine.jp/article/detail/24245
DeveloperZine,https://codezine.jp/article/detail/24269
DeveloperZine,https://codezine.jp/article/detail/24287
DeveloperZine,https://codezine.jp/article/detail/24322
DeveloperZine,https://codezine.jp/article/detail/24324
DeveloperZine,https://codezine.jp/article/detail/24334
DeveloperZine,https://codezine.jp/article/detail/24344
DeveloperZine,https://codezine.jp/article/detail/24462
DeveloperZine,https://codezine.jp/article/detail/24480
DeveloperZine,https://codezine.jp/article/detail/24513
DeveloperZine,https://codezine.jp/article/detail/24514
DeveloperZine,https://codezine.jp/article/detail/24531
DeveloperZine,https://codezine.jp/article/detail/24532
DeveloperZine,https://codezine.jp/article/detail/24632
DeveloperZine,https://codezine.jp/article/detail/24633
DeveloperZine,https://codezine.jp/article/detail/24659
DeveloperZine,https://codezine.jp/article/detail/28911
